text,label,category
"Hey, let's catch up this weekend. Are you free on Saturday?",0,chat
"IRCTC: PNR 377626073 confirmed. Coach A1, Berth 33. Please carry a valid original photo ID during travel.",0,travel
"IRCTC: PNR 415096272 confirmed. Coach S4, Berth 56. Please carry a valid original photo ID during travel.",0,travel
"Paytm: Pending refund of ₹4,999 failed. Complete OTP verification at http://paytm-refund.cc to credit money.",1,refund
"IRCTC: PNR 785617461 confirmed. Coach S5, Berth 36. Please carry a valid original photo ID during travel.",0,travel
Team meeting rescheduled to tomorrow at 11 AM. Link is on Google Calendar.,0,chat
"PhonePe: Pending refund of ₹12,500 failed. Complete OTP verification at http://phonepe-refund.xyz to credit money.",1,refund
Urgent notice from Telecom Authority: Legal case registered under your ID. Call investigation officer 9782407887 within 2 hours to avoid arrest.,1,police_threat
Your order #504494 from Ola has been dispatched. Track in your app or thank your delivery agent.,0,ecommerce
Your order #116535 from Blinkit has been dispatched. Track in your app or thank your delivery agent.,0,ecommerce
"IRCTC: PNR 442691653 confirmed. Coach S4, Berth 38. Please carry a valid original photo ID during travel.",0,travel
"IRCTC: PNR 846336984 confirmed. Coach B2, Berth 26. Please carry a valid original photo ID during travel.",0,travel
"Thanks for the help yesterday, really appreciate it!",0,chat
Happy anniversary to you both! Have an amazing celebration.,0,chat
Urgent notice from Cyber Cell: Legal case registered under your ID. Call investigation officer 9598626972 within 2 hours to avoid arrest.,1,police_threat
"Your ICICI Account XX2648 is debited by INR 2,499.00 at Ola. Avl Bal: INR 34,047.00. Report unauthorized: 1800112211.",0,bank_normal
"Dear consumer, power supply will be cut off tonight at 9:30 PM for non-payment of electricity bill. Call electricity desk 9986138048 immediately.",1,utility
531544 is your secret one time password (OTP) for logging into Zomato. Valid for 5 minutes. Do not share with anyone.,0,otp_normal
FedEx: Package delivery paused due to incomplete home address. Pay Rs 19 redelivery fee at http://fedex-reschedule.xyz,1,delivery
"Your PNB Account XX4446 is debited by INR 890.00 at Uber. Avl Bal: INR 78,633.00. Report unauthorized: 1800112211.",0,bank_normal
"IRCTC: PNR 328861172 confirmed. Coach B3, Berth 60. Please carry a valid original photo ID during travel.",0,travel
India Post: Package delivery paused due to incomplete home address. Pay ₹10 redelivery fee at http://indiapost-reschedule.info,1,delivery
"Dear consumer, power supply will be cut off tonight at 9:30 PM for non-payment of electricity bill. Call electricity desk 9949000906 immediately.",1,utility
"IRCTC: PNR 728079925 confirmed. Coach B2, Berth 42. Please carry a valid original photo ID during travel.",0,travel
FedEx: Package delivery paused due to incomplete home address. Pay Rs 35 redelivery fee at http://fedex-reschedule.xyz,1,delivery
"IRCTC: PNR 128905854 confirmed. Coach B3, Berth 43. Please carry a valid original photo ID during travel.",0,travel
457820 is your secret one time password (OTP) for logging into Swiggy. Valid for 5 minutes. Do not share with anyone.,0,otp_normal
Congratulations! Your mobile number won Tata Harrier SUV in nationwide lucky draw! Call manager at 9177139897 to claim your prize.,1,lottery
Your order #603623 from Uber has been dispatched. Track in your app or thank your delivery agent.,0,ecommerce
"IRCTC: PNR 704101477 confirmed. Coach B2, Berth 52. Please carry a valid original photo ID during travel.",0,travel
900322 is your secret one time password (OTP) for logging into Myntra. Valid for 5 minutes. Do not share with anyone.,0,otp_normal
Your order #690176 from Uber has been dispatched. Track in your app or thank your delivery agent.,0,ecommerce
India Post: Package delivery paused due to incomplete home address. Pay ₹10 redelivery fee at http://indiapost-reschedule.xyz,1,delivery
"IRCTC: PNR 928860016 confirmed. Coach A1, Berth 32. Please carry a valid original photo ID during travel.",0,travel
"Paytm: Pending refund of Rs 2,50,000 failed. Complete OTP verification at http://paytm-refund.online to credit money.",1,refund
734322 is your secret one time password (OTP) for logging into IRCTC. Valid for 5 minutes. Do not share with anyone.,0,otp_normal
"IRCTC: PNR 368487511 confirmed. Coach S5, Berth 44. Please carry a valid original photo ID during travel.",0,travel
Alert from Kotak: Your account 7318 is restricted. Update your KYC before 9 PM tonight at http://kotak-account-reactivate.xyz.,1,bank_kyc
Your order #550415 from Flipkart has been dispatched. Track in your app or thank your delivery agent.,0,ecommerce
322128 is your secret one time password (OTP) for logging into Amazon. Valid for 5 minutes. Do not share with anyone.,0,otp_normal
572243 is your secret one time password (OTP) for logging into Uber. Valid for 5 minutes. Do not share with anyone.,0,otp_normal
"IRCTC: PNR 546101043 confirmed. Coach B2, Berth 41. Please carry a valid original photo ID during travel.",0,travel
Your order #686056 from Flipkart has been dispatched. Track in your app or thank your delivery agent.,0,ecommerce
"Congratulations! Your mobile number won ₹25,00,000 in nationwide lucky draw! Call manager at 9860213351 to claim your prize.",1,lottery
"Congratulations! Your mobile number won ₹25,00,000 in nationwide lucky draw! Call manager at 9118317940 to claim your prize.",1,lottery
Can you please pick up some bread and eggs on your way back home?,0,chat
926434 is your secret one time password (OTP) for logging into Uber. Valid for 5 minutes. Do not share with anyone.,0,otp_normal
"Congratulations! Your mobile number won ₹50,00,000 in nationwide lucky draw! Call manager at 9651970115 to claim your prize.",1,lottery
Your order #755915 from Zepto has been dispatched. Track in your app or thank your delivery agent.,0,ecommerce
"IRCTC: PNR 426846954 confirmed. Coach B1, Berth 20. Please carry a valid original photo ID during travel.",0,travel
Urgent notice from Cyber Cell: Legal case registered under your ID. Call investigation officer 9430511457 within 2 hours to avoid arrest.,1,police_threat
"Your ICICI Account XX5239 is debited by INR 150.00 at Ola. Avl Bal: INR 53,624.00. Report unauthorized: 1800112211.",0,bank_normal
Alert from Axis Bank: Your account 4927 is restricted. Update your KYC within 24 hours at http://axisbank-secure-verify.pw.,1,bank_kyc
Your order #342955 from Blinkit has been dispatched. Track in your app or thank your delivery agent.,0,ecommerce
"Hey, let's catch up this weekend. Are you free on Saturday?",0,chat
"Your HDFC Account XX6546 is debited by INR 45.00 at Flipkart. Avl Bal: INR 20,831.00. Report unauthorized: 1800112211.",0,bank_normal
"Your Kotak Account XX5092 is debited by INR 45.00 at Amazon. Avl Bal: INR 82,870.00. Report unauthorized: 1800112211.",0,bank_normal
"Dear User, your mobile number has won a brand new Tata Safari car in Diwali Mega Lucky Contest. Call lottery officer at 9765432100 to claim prize.",1,lottery
858685 is your secret one time password (OTP) for logging into WhatsApp. Valid for 5 minutes. Do not share with anyone.,0,otp_normal
389884 is your secret one time password (OTP) for logging into Swiggy. Valid for 5 minutes. Do not share with anyone.,0,otp_normal
FedEx: Package delivery paused due to incomplete home address. Pay ₹10 redelivery fee at http://fedex-reschedule.top,1,delivery
737999 is your secret one time password (OTP) for logging into Swiggy. Valid for 5 minutes. Do not share with anyone.,0,otp_normal
"Your Axis Bank Account XX4695 is debited by INR 45.00 at Myntra. Avl Bal: INR 23,932.00. Report unauthorized: 1800112211.",0,bank_normal
Your order #181972 from Zepto has been dispatched. Track in your app or thank your delivery agent.,0,ecommerce
Your order #889620 from Ola has been dispatched. Track in your app or thank your delivery agent.,0,ecommerce
"IRCTC: PNR 988795584 confirmed. Coach B2, Berth 26. Please carry a valid original photo ID during travel.",0,travel
"IRCTC: PNR 840649054 confirmed. Coach B1, Berth 9. Please carry a valid original photo ID during travel.",0,travel
"Your ICICI Account XX1324 is debited by INR 150.00 at Zomato. Avl Bal: INR 50,382.00. Report unauthorized: 1800112211.",0,bank_normal
"Dear consumer, power supply will be cut off tonight at 10:00 PM for non-payment of electricity bill. Call electricity desk 9901501834 immediately.",1,utility
898028 is your secret one time password (OTP) for logging into Zomato. Valid for 5 minutes. Do not share with anyone.,0,otp_normal
"Work from home daily! Earn ₹8,500 by rating movies and products online. No fee. Contact manager on WhatsApp 9454840174.",1,fake_job
Urgent notice from CBI Investigation: Legal case registered under your ID. Call investigation officer 9493261002 within 2 hours to avoid arrest.,1,police_threat
Alert from Kotak: Your account 5555 is restricted. Update your KYC before 9 PM tonight at http://kotak-netbank-login.info.,1,bank_kyc
PhonePe: Pending refund of ₹25 Lakhs failed. Complete OTP verification at http://phonepe-refund.me to credit money.,1,refund
Alert from SBI: Your account 8468 is restricted. Update your KYC within 24 hours at http://sbi-secure-verify.me.,1,bank_kyc
"Your Kotak Account XX7634 is debited by INR 1,250.00 at Myntra. Avl Bal: INR 11,021.00. Report unauthorized: 1800112211.",0,bank_normal
See you in 15 minutes at the office cafeteria.,0,chat
"IRCTC: PNR 834495166 confirmed. Coach S4, Berth 61. Please carry a valid original photo ID during travel.",0,travel
"Dear consumer, power supply will be cut off tonight at 9:30 PM for non-payment of electricity bill. Call electricity desk 9487994292 immediately.",1,utility
"Work from home daily! Earn ₹2,500 by rating movies and products online. No fee. Contact manager on WhatsApp 9825523310.",1,fake_job
Your order #331946 from Swiggy has been dispatched. Track in your app or thank your delivery agent.,0,ecommerce
Happy anniversary to you both! Have an amazing celebration.,0,chat
Alert from Kotak: Your account 3849 is restricted. Update your KYC before 9 PM tonight at http://kotak-netbank-login.site.,1,bank_kyc
144439 is your secret one time password (OTP) for logging into Uber. Valid for 5 minutes. Do not share with anyone.,0,otp_normal
"Amazon is hiring Part-Time / Full-Time product reviewers! Work 1-2 hours from home, earn Rs 50,000/month. WhatsApp your resume to 9876501234 now.",1,fake_job
839782 is your secret one time password (OTP) for logging into Zomato. Valid for 5 minutes. Do not share with anyone.,0,otp_normal
"IRCTC: PNR 753470206 confirmed. Coach B1, Berth 13. Please carry a valid original photo ID during travel.",0,travel
Your order #695597 from Swiggy has been dispatched. Track in your app or thank your delivery agent.,0,ecommerce
"Congratulations! Your mobile number won ₹50,00,000 in nationwide lucky draw! Call manager at 9962312208 to claim your prize.",1,lottery
Congratulations! Your mobile number won Tata Harrier SUV in nationwide lucky draw! Call manager at 9284058331 to claim your prize.,1,lottery
Your order #618420 from Myntra has been dispatched. Track in your app or thank your delivery agent.,0,ecommerce
"Congratulations! Your mobile number won ₹25,00,000 in nationwide lucky draw! Call manager at 9982717562 to claim your prize.",1,lottery
"Google Pay: Pending refund of Rs 2,50,000 failed. Complete OTP verification at http://googlepay-refund.site to credit money.",1,refund
641889 is your secret one time password (OTP) for logging into WhatsApp. Valid for 5 minutes. Do not share with anyone.,0,otp_normal
Alert from Bank of Baroda: Your account 2827 is restricted. Update your KYC within 24 hours at http://bankofbaroda-kyc-update.pw.,1,bank_kyc
BlueDart: Package delivery paused due to incomplete home address. Pay ₹10 redelivery fee at http://bluedart-reschedule.info,1,delivery
354200 is your secret one time password (OTP) for logging into Zomato. Valid for 5 minutes. Do not share with anyone.,0,otp_normal
Urgent notice from Telecom Authority: Legal case registered under your ID. Call investigation officer 9987468512 within 2 hours to avoid arrest.,1,police_threat
Congratulations! Your mobile number won Tata Harrier SUV in nationwide lucky draw! Call manager at 9624518203 to claim your prize.,1,lottery
Congratulations! Your mobile number won Tata Harrier SUV in nationwide lucky draw! Call manager at 9859302578 to claim your prize.,1,lottery
"Dear consumer, power supply will be cut off tonight at midnight for non-payment of electricity bill. Call electricity desk 9718013926 immediately.",1,utility
"Dear consumer, power supply will be cut off tonight at 10:00 PM for non-payment of electricity bill. Call electricity desk 9767265569 immediately.",1,utility
Have you booked the movie tickets for tonight?,0,chat
Your order #248182 from Amazon has been dispatched. Track in your app or thank your delivery agent.,0,ecommerce
Your order #258964 from Uber has been dispatched. Track in your app or thank your delivery agent.,0,ecommerce
"Work from home daily! Earn ₹4,000 by rating movies and products online. No fee. Contact manager on WhatsApp 9454146500.",1,fake_job
Your order #238691 from Flipkart has been dispatched. Track in your app or thank your delivery agent.,0,ecommerce
"Work from home daily! Earn ₹8,500 by rating movies and products online. No fee. Contact manager on WhatsApp 9232954101.",1,fake_job
"Your SBI Account XX3846 is debited by INR 2,499.00 at Swiggy. Avl Bal: INR 60,989.00. Report unauthorized: 1800112211.",0,bank_normal
Did you check out that new coffee shop down the street?,0,chat
India Post: Package delivery paused due to incomplete home address. Pay Rs 49 redelivery fee at http://indiapost-reschedule.xyz,1,delivery
Paytm: Pending refund of ₹25 Lakhs failed. Complete OTP verification at http://paytm-refund.top to credit money.,1,refund
Let me know once you reach home safely.,0,chat
"Your Canara Bank Account XX5573 is debited by INR 1,250.00 at Zomato. Avl Bal: INR 8,491.00. Report unauthorized: 1800112211.",0,bank_normal
Alert from PNB: Your account 7121 is restricted. Update your KYC or card will be deactivated at http://pnb-pan-link.me.,1,bank_kyc
"Your Kotak Account XX2301 is debited by INR 890.00 at Zomato. Avl Bal: INR 76,947.00. Report unauthorized: 1800112211.",0,bank_normal
"Dear consumer, power supply will be cut off tonight at midnight for non-payment of electricity bill. Call electricity desk 9508587445 immediately.",1,utility
"Your HDFC Account XX8206 is debited by INR 1,250.00 at Ola. Avl Bal: INR 33,992.00. Report unauthorized: 1800112211.",0,bank_normal
Alert from ICICI: Your account 9560 is restricted. Update your KYC today immediately at http://icici-kyc-update.online.,1,bank_kyc
"Congratulations! Your mobile number won ₹50,00,000 in nationwide lucky draw! Call manager at 9343959576 to claim your prize.",1,lottery
"Dear consumer, power supply will be cut off tonight at 9:30 PM for non-payment of electricity bill. Call electricity desk 9989429647 immediately.",1,utility
"Google Pay: Pending refund of Rs 2,50,000 failed. Complete OTP verification at http://googlepay-refund.cc to credit money.",1,refund
Urgent notice from Cyber Cell: Legal case registered under your ID. Call investigation officer 9916064798 within 2 hours to avoid arrest.,1,police_threat
"IRCTC: PNR 101539152 confirmed. Coach S5, Berth 6. Please carry a valid original photo ID during travel.",0,travel
"Your Bank of Baroda Account XX3940 is debited by INR 45.00 at Zomato. Avl Bal: INR 82,798.00. Report unauthorized: 1800112211.",0,bank_normal
Have you booked the movie tickets for tonight?,0,chat
"IRCTC: PNR 890167156 confirmed. Coach A1, Berth 32. Please carry a valid original photo ID during travel.",0,travel
738103 is your secret one time password (OTP) for logging into Uber. Valid for 5 minutes. Do not share with anyone.,0,otp_normal
Congratulations! Your mobile number won Tata Harrier SUV in nationwide lucky draw! Call manager at 9487068897 to claim your prize.,1,lottery
"Paytm: Pending refund of Rs 2,50,000 failed. Complete OTP verification at http://paytm-refund.xyz to credit money.",1,refund
894203 is your secret one time password (OTP) for logging into Swiggy. Valid for 5 minutes. Do not share with anyone.,0,otp_normal
"IRCTC: PNR 767592429 confirmed. Coach B1, Berth 51. Please carry a valid original photo ID during travel.",0,travel
"Your Canara Bank Account XX3672 is debited by INR 890.00 at Blinkit. Avl Bal: INR 61,683.00. Report unauthorized: 1800112211.",0,bank_normal
"Congratulations! Your mobile number won ₹25,00,000 in nationwide lucky draw! Call manager at 9129565896 to claim your prize.",1,lottery
"IRCTC: PNR 857942101 confirmed. Coach S4, Berth 4. Please carry a valid original photo ID during travel.",0,travel
"Google Pay: Pending refund of Rs 50,000 failed. Complete OTP verification at http://googlepay-refund.xyz to credit money.",1,refund
Your order #124354 from Uber has been dispatched. Track in your app or thank your delivery agent.,0,ecommerce
Congratulations! Your mobile number won 1 Crore in nationwide lucky draw! Call manager at 9764401699 to claim your prize.,1,lottery
"IRCTC: PNR 330627193 confirmed. Coach B3, Berth 54. Please carry a valid original photo ID during travel.",0,travel
"Congratulations! Your mobile number won ₹50,00,000 in nationwide lucky draw! Call manager at 9436967606 to claim your prize.",1,lottery
"Work from home daily! Earn ₹6,000 by rating movies and products online. No fee. Contact manager on WhatsApp 9903141208.",1,fake_job
260014 is your secret one time password (OTP) for logging into WhatsApp. Valid for 5 minutes. Do not share with anyone.,0,otp_normal
Blinkit: Order #BL8291 delivered successfully in 9 minutes. Hope you enjoyed the quick delivery!,0,delivery
Have you booked the movie tickets for tonight?,0,chat
"Congratulations! Your mobile number won ₹50,00,000 in nationwide lucky draw! Call manager at 9944553596 to claim your prize.",1,lottery
"Your Axis Bank Account XX2517 is debited by INR 890.00 at Ola. Avl Bal: INR 30,954.00. Report unauthorized: 1800112211.",0,bank_normal
Your order #329171 from Zomato has been dispatched. Track in your app or thank your delivery agent.,0,ecommerce
707539 is your secret one time password (OTP) for logging into Uber. Valid for 5 minutes. Do not share with anyone.,0,otp_normal
"IRCTC: PNR 270988822 confirmed. Coach B2, Berth 7. Please carry a valid original photo ID during travel.",0,travel
"Your HDFC Account XX2736 is debited by INR 45.00 at Zomato. Avl Bal: INR 63,008.00. Report unauthorized: 1800112211.",0,bank_normal
"IRCTC: PNR 972281691 confirmed. Coach S4, Berth 25. Please carry a valid original photo ID during travel.",0,travel
Your order #145520 from Zomato has been dispatched. Track in your app or thank your delivery agent.,0,ecommerce
Your order #160561 from Zomato has been dispatched. Track in your app or thank your delivery agent.,0,ecommerce
"IRCTC: PNR 325500719 confirmed. Coach S4, Berth 12. Please carry a valid original photo ID during travel.",0,travel
Alert from Canara Bank: Your account 2301 is restricted. Update your KYC within 24 hours at http://canarabank-reward-claim.top.,1,bank_kyc
"Google Pay: Pending refund of ₹4,999 failed. Complete OTP verification at http://googlepay-refund.click to credit money.",1,refund
"IRCTC: PNR 623468471 confirmed. Coach B3, Berth 70. Please carry a valid original photo ID during travel.",0,travel
BlueDart: Package delivery paused due to incomplete home address. Pay ₹10 redelivery fee at http://bluedart-reschedule.click,1,delivery
"Amazon Pay: Pending refund of ₹4,999 failed. Complete OTP verification at http://amazonpay-refund.pw to credit money.",1,refund
"IRCTC: PNR 2849102948 is Confirmed. Coach B2, Berth 35. Train 12952 departs at 17:00.",0,travel
"Dear consumer, power supply will be cut off tonight at 9:30 PM for non-payment of electricity bill. Call electricity desk 9617659381 immediately.",1,utility
"Mom called earlier, she asked if you can call her back when you get free.",0,chat
"IRCTC: PNR 200820133 confirmed. Coach S4, Berth 68. Please carry a valid original photo ID during travel.",0,travel
"Your Canara Bank Account XX9431 is debited by INR 2,499.00 at Zomato. Avl Bal: INR 29,714.00. Report unauthorized: 1800112211.",0,bank_normal
Your order #506547 from Myntra has been dispatched. Track in your app or thank your delivery agent.,0,ecommerce
"IRCTC: PNR 658255893 confirmed. Coach B2, Berth 45. Please carry a valid original photo ID during travel.",0,travel
711882 is your secret one time password (OTP) for logging into Amazon. Valid for 5 minutes. Do not share with anyone.,0,otp_normal
Congratulations! Your mobile number won 1 Crore in nationwide lucky draw! Call manager at 9240341880 to claim your prize.,1,lottery
"IRCTC: PNR 684851251 confirmed. Coach S4, Berth 5. Please carry a valid original photo ID during travel.",0,travel
202780 is your secret one time password (OTP) for logging into Uber. Valid for 5 minutes. Do not share with anyone.,0,otp_normal
"IRCTC: PNR 146021853 confirmed. Coach A1, Berth 13. Please carry a valid original photo ID during travel.",0,travel
346331 is your secret one time password (OTP) for logging into Amazon. Valid for 5 minutes. Do not share with anyone.,0,otp_normal
Did you check out that new coffee shop down the street?,0,chat
Delhivery: Package delivery paused due to incomplete home address. Pay Rs 25 redelivery fee at http://delhivery-reschedule.cc,1,delivery
721839 is your secret one time password (OTP) for logging into Uber. Valid for 5 minutes. Do not share with anyone.,0,otp_normal
Your order #841204 from Uber has been dispatched. Track in your app or thank your delivery agent.,0,ecommerce
"Your ICICI Account XX7103 is debited by INR 1,250.00 at Zepto. Avl Bal: INR 16,244.00. Report unauthorized: 1800112211.",0,bank_normal
"Your Canara Bank Account XX3784 is debited by INR 150.00 at Zomato. Avl Bal: INR 66,264.00. Report unauthorized: 1800112211.",0,bank_normal
"IRCTC: PNR 672132274 confirmed. Coach B1, Berth 3. Please carry a valid original photo ID during travel.",0,travel
Can you share the lecture notes from today's session?,0,chat
Your order #394957 from Ola has been dispatched. Track in your app or thank your delivery agent.,0,ecommerce
Your order #880734 from Amazon has been dispatched. Track in your app or thank your delivery agent.,0,ecommerce
Can you share the lecture notes from today's session?,0,chat
Can you share the lecture notes from today's session?,0,chat
"IRCTC: PNR 873849647 confirmed. Coach B2, Berth 30. Please carry a valid original photo ID during travel.",0,travel
Shoppers Stop Mega Win: You have been selected to win iPhone 16 Pro Max for just Rs 99 shipping fee! Claim before timer expires: http://claim-apple-gift.top,1,lottery
Your order #735861 from Zepto has been dispatched. Track in your app or thank your delivery agent.,0,ecommerce
"IRCTC: PNR 456648755 confirmed. Coach B2, Berth 60. Please carry a valid original photo ID during travel.",0,travel
"Your PNB Account XX5300 is debited by INR 890.00 at Myntra. Avl Bal: INR 10,487.00. Report unauthorized: 1800112211.",0,bank_normal
Urgent notice from Telecom Authority: Legal case registered under your ID. Call investigation officer 9672045059 within 2 hours to avoid arrest.,1,police_threat
"Dear consumer, power supply will be cut off tonight at 9:30 PM for non-payment of electricity bill. Call electricity desk 9468551773 immediately.",1,utility
147779 is your secret one time password (OTP) for logging into WhatsApp. Valid for 5 minutes. Do not share with anyone.,0,otp_normal
Did you check out that new coffee shop down the street?,0,chat
"IRCTC: PNR 505455002 confirmed. Coach B3, Berth 26. Please carry a valid original photo ID during travel.",0,travel
"Congratulations! Your mobile number won ₹25,00,000 in nationwide lucky draw! Call manager at 9328233509 to claim your prize.",1,lottery
"IRCTC: PNR 596522313 confirmed. Coach A1, Berth 19. Please carry a valid original photo ID during travel.",0,travel
Your order #838456 from Flipkart has been dispatched. Track in your app or thank your delivery agent.,0,ecommerce
See you in 15 minutes at the office cafeteria.,0,chat
Your order #147599 from Zepto has been dispatched. Track in your app or thank your delivery agent.,0,ecommerce
"Your Canara Bank Account XX6109 is debited by INR 890.00 at Ola. Avl Bal: INR 41,561.00. Report unauthorized: 1800112211.",0,bank_normal
456778 is your secret one time password (OTP) for logging into IRCTC. Valid for 5 minutes. Do not share with anyone.,0,otp_normal
Congratulations! Your mobile number won 1 Crore in nationwide lucky draw! Call manager at 9698552461 to claim your prize.,1,lottery
Your order #533917 from Swiggy has been dispatched. Track in your app or thank your delivery agent.,0,ecommerce
Urgent notice from Cyber Cell: Legal case registered under your ID. Call investigation officer 9627468288 within 2 hours to avoid arrest.,1,police_threat
"Your SBI Account XX8018 is debited by INR 890.00 at Blinkit. Avl Bal: INR 11,057.00. Report unauthorized: 1800112211.",0,bank_normal
Have you booked the movie tickets for tonight?,0,chat
418457 is your secret one time password (OTP) for logging into Uber. Valid for 5 minutes. Do not share with anyone.,0,otp_normal
Alert from Bank of Baroda: Your account 1913 is restricted. Update your KYC or card will be deactivated at http://bankofbaroda-account-reactivate.site.,1,bank_kyc
"IRCTC: PNR 388201465 confirmed. Coach B2, Berth 46. Please carry a valid original photo ID during travel.",0,travel
Your order #929055 from Myntra has been dispatched. Track in your app or thank your delivery agent.,0,ecommerce
Happy anniversary to you both! Have an amazing celebration.,0,chat
"Flipkart Lucky Winner: Spin & Win Rs 50,000 gift card! Click http://flipkart-spinwheel-lucky.xyz and enter your UPI PIN to claim reward.",1,lottery
882955 is your secret one time password (OTP) for logging into IRCTC. Valid for 5 minutes. Do not share with anyone.,0,otp_normal
"Your PNB Account XX9817 is debited by INR 1,250.00 at Flipkart. Avl Bal: INR 55,830.00. Report unauthorized: 1800112211.",0,bank_normal
Alert from HDFC: Your account 1597 is restricted. Update your KYC today immediately at http://hdfc-netbank-login.info.,1,bank_kyc
Your order #370086 from Swiggy has been dispatched. Track in your app or thank your delivery agent.,0,ecommerce
"IRCTC: PNR 230815265 confirmed. Coach B3, Berth 31. Please carry a valid original photo ID during travel.",0,travel
440459 is your secret one time password (OTP) for logging into Myntra. Valid for 5 minutes. Do not share with anyone.,0,otp_normal
"Your Canara Bank Account XX5704 is debited by INR 150.00 at Uber. Avl Bal: INR 75,456.00. Report unauthorized: 1800112211.",0,bank_normal
Congratulations! Your mobile number won 1 Crore in nationwide lucky draw! Call manager at 9471666855 to claim your prize.,1,lottery
"Your HDFC Account XX2997 is debited by INR 1,250.00 at Myntra. Avl Bal: INR 61,574.00. Report unauthorized: 1800112211.",0,bank_normal
Happy anniversary to you both! Have an amazing celebration.,0,chat
"Work from home daily! Earn ₹2,500 by rating movies and products online. No fee. Contact manager on WhatsApp 9603774778.",1,fake_job
Netflix Account Suspended: Your subscription payment failed. Update billing information within 24 hours to keep streaming: http://netflix-billing-renew.xyz,1,refund
"Amazon Pay: Pending refund of ₹12,500 failed. Complete OTP verification at http://amazonpay-refund.info to credit money.",1,refund
Urgent notice from CBI Investigation: Legal case registered under your ID. Call investigation officer 9249730387 within 2 hours to avoid arrest.,1,police_threat
"Your HDFC Account XX8072 is debited by INR 2,499.00 at Blinkit. Avl Bal: INR 62,939.00. Report unauthorized: 1800112211.",0,bank_normal
742416 is your secret one time password (OTP) for logging into Uber. Valid for 5 minutes. Do not share with anyone.,0,otp_normal
"Work from home daily! Earn ₹2,500 by rating movies and products online. No fee. Contact manager on WhatsApp 9558269790.",1,fake_job
286493 is your secret one time password (OTP) for logging into Zomato. Valid for 5 minutes. Do not share with anyone.,0,otp_normal
"IRCTC: PNR 965716200 confirmed. Coach B2, Berth 52. Please carry a valid original photo ID during travel.",0,travel
Alert from Bank of Baroda: Your account 7136 is restricted. Update your KYC today immediately at http://bankofbaroda-account-reactivate.cc.,1,bank_kyc
Google Pay: You received ₹500 from Rohit Sharma for 'Dinner bill split'.,0,payment_normal
986226 is your secret one time password (OTP) for logging into Uber. Valid for 5 minutes. Do not share with anyone.,0,otp_normal
"Work from home daily! Earn ₹6,000 by rating movies and products online. No fee. Contact manager on WhatsApp 9635642809.",1,fake_job
Can you share the lecture notes from today's session?,0,chat
"IRCTC: PNR 101043423 confirmed. Coach S5, Berth 45. Please carry a valid original photo ID during travel.",0,travel
Urgent notice from Police Crime Branch: Legal case registered under your ID. Call investigation officer 9232120018 within 2 hours to avoid arrest.,1,police_threat
495032 is your secret one time password (OTP) for logging into IRCTC. Valid for 5 minutes. Do not share with anyone.,0,otp_normal
Urgent notice from Police Crime Branch: Legal case registered under your ID. Call investigation officer 9903869224 within 2 hours to avoid arrest.,1,police_threat
"Your ICICI Account XX7305 is debited by INR 2,499.00 at Zomato. Avl Bal: INR 13,252.00. Report unauthorized: 1800112211.",0,bank_normal
958690 is your secret one time password (OTP) for logging into WhatsApp. Valid for 5 minutes. Do not share with anyone.,0,otp_normal
BlueDart: Package delivery paused due to incomplete home address. Pay Rs 35 redelivery fee at http://bluedart-reschedule.info,1,delivery
"IRCTC: PNR 115614614 confirmed. Coach S4, Berth 16. Please carry a valid original photo ID during travel.",0,travel
"Congratulations! Your mobile number won ₹25,00,000 in nationwide lucky draw! Call manager at 9140739629 to claim your prize.",1,lottery
"Dear consumer, power supply will be cut off tonight at midnight for non-payment of electricity bill. Call electricity desk 9496641650 immediately.",1,utility
395135 is your secret one time password (OTP) for logging into Myntra. Valid for 5 minutes. Do not share with anyone.,0,otp_normal
"IRCTC: PNR 253085957 confirmed. Coach S5, Berth 32. Please carry a valid original photo ID during travel.",0,travel
Your order #723813 from Zomato has been dispatched. Track in your app or thank your delivery agent.,0,ecommerce
717737 is your secret one time password (OTP) for logging into Amazon. Valid for 5 minutes. Do not share with anyone.,0,otp_normal
Your order #450857 from Uber has been dispatched. Track in your app or thank your delivery agent.,0,ecommerce
Have you booked the movie tickets for tonight?,0,chat
Your order #612871 from Uber has been dispatched. Track in your app or thank your delivery agent.,0,ecommerce
Have you booked the movie tickets for tonight?,0,chat
Did you check out that new coffee shop down the street?,0,chat
Urgent notice from Police Crime Branch: Legal case registered under your ID. Call investigation officer 9213398568 within 2 hours to avoid arrest.,1,police_threat
"IRCTC: PNR 326429665 confirmed. Coach B2, Berth 25. Please carry a valid original photo ID during travel.",0,travel
Urgent notice from Telecom Authority: Legal case registered under your ID. Call investigation officer 9832999560 within 2 hours to avoid arrest.,1,police_threat
"Your ICICI Account XX1444 is debited by INR 45.00 at Myntra. Avl Bal: INR 79,191.00. Report unauthorized: 1800112211.",0,bank_normal
"Your Axis Bank Account XX8496 is debited by INR 1,250.00 at Zomato. Avl Bal: INR 6,502.00. Report unauthorized: 1800112211.",0,bank_normal
264340 is your secret one time password (OTP) for logging into Uber. Valid for 5 minutes. Do not share with anyone.,0,otp_normal
"Paytm: Pending refund of Rs 15,000 failed. Complete OTP verification at http://paytm-refund.online to credit money.",1,refund
I have sent you the project presentation via email. Please check and let me know your thoughts.,0,chat
"IRCTC: PNR 610925445 confirmed. Coach S5, Berth 50. Please carry a valid original photo ID during travel.",0,travel
"IRCTC: PNR 904758604 confirmed. Coach A1, Berth 45. Please carry a valid original photo ID during travel.",0,travel
"Thanks for the help yesterday, really appreciate it!",0,chat
"Your Axis Bank Account XX7300 is debited by INR 45.00 at Zepto. Avl Bal: INR 17,213.00. Report unauthorized: 1800112211.",0,bank_normal
Can you share the lecture notes from today's session?,0,chat
Alert from Canara Bank: Your account 1448 is restricted. Update your KYC today immediately at http://canarabank-secure-verify.info.,1,bank_kyc
"Your HDFC Account XX3671 is debited by INR 890.00 at Blinkit. Avl Bal: INR 8,722.00. Report unauthorized: 1800112211.",0,bank_normal
"IRCTC: PNR 815206438 confirmed. Coach B2, Berth 15. Please carry a valid original photo ID during travel.",0,travel
Your order #929716 from Myntra has been dispatched. Track in your app or thank your delivery agent.,0,ecommerce
India Post: Package delivery paused due to incomplete home address. Pay Rs 25 redelivery fee at http://indiapost-reschedule.site,1,delivery
"Work from home daily! Earn ₹8,500 by rating movies and products online. No fee. Contact manager on WhatsApp 9873574680.",1,fake_job
Your order #796314 from Blinkit has been dispatched. Track in your app or thank your delivery agent.,0,ecommerce
Your order #834158 from Myntra has been dispatched. Track in your app or thank your delivery agent.,0,ecommerce
875807 is your secret one time password (OTP) for logging into Uber. Valid for 5 minutes. Do not share with anyone.,0,otp_normal
Alert from SBI: Your account 3740 is restricted. Update your KYC to avoid permanent blocking at http://sbi-pan-link.click.,1,bank_kyc
"IRCTC: PNR 311476028 confirmed. Coach B1, Berth 40. Please carry a valid original photo ID during travel.",0,travel
See you in 15 minutes at the office cafeteria.,0,chat
886635 is your secret one time password (OTP) for logging into Uber. Valid for 5 minutes. Do not share with anyone.,0,otp_normal
"Dear consumer, power supply will be cut off tonight at 9:30 PM for non-payment of electricity bill. Call electricity desk 9291050161 immediately.",1,utility
See you in 15 minutes at the office cafeteria.,0,chat
"Dear consumer, power supply will be cut off tonight at 8:00 PM for non-payment of electricity bill. Call electricity desk 9427300983 immediately.",1,utility
"Your Bank of Baroda Account XX1078 is debited by INR 1,250.00 at Blinkit. Avl Bal: INR 44,832.00. Report unauthorized: 1800112211.",0,bank_normal
"Congratulations! Your mobile number won ₹50,00,000 in nationwide lucky draw! Call manager at 9302386214 to claim your prize.",1,lottery
Have you booked the movie tickets for tonight?,0,chat
Urgent notice from Cyber Cell: Legal case registered under your ID. Call investigation officer 9745508619 within 2 hours to avoid arrest.,1,police_threat
"IRCTC: PNR 457770144 confirmed. Coach S4, Berth 54. Please carry a valid original photo ID during travel.",0,travel
"Your Bank of Baroda Account XX5567 is debited by INR 45.00 at Zomato. Avl Bal: INR 65,654.00. Report unauthorized: 1800112211.",0,bank_normal
Can you share the lecture notes from today's session?,0,chat
Urgent notice from Police Crime Branch: Legal case registered under your ID. Call investigation officer 9371278692 within 2 hours to avoid arrest.,1,police_threat
Did you get a chance to review the pull request for the new authentication module?,0,chat
BlueDart: Package delivery paused due to incomplete home address. Pay Rs 35 redelivery fee at http://bluedart-reschedule.pw,1,delivery
Congratulations! Your mobile number won Tata Harrier SUV in nationwide lucky draw! Call manager at 9587098188 to claim your prize.,1,lottery
"Your Myntra package containing 2 items is expected to be delivered by Thursday, 5 PM.",0,ecommerce
BlueDart: Package delivery paused due to incomplete home address. Pay Rs 49 redelivery fee at http://bluedart-reschedule.me,1,delivery
Alert from HDFC: Your account 8227 is restricted. Update your KYC today immediately at http://hdfc-netbank-login.info.,1,bank_kyc
Alert from Canara Bank: Your account 9835 is restricted. Update your KYC within 24 hours at http://canarabank-kyc-update.pw.,1,bank_kyc
"IRCTC: PNR 416730059 confirmed. Coach B2, Berth 43. Please carry a valid original photo ID during travel.",0,travel
Let me know once you reach home safely.,0,chat
524190 is your secret one time password (OTP) for logging into Amazon. Valid for 5 minutes. Do not share with anyone.,0,otp_normal
See you in 15 minutes at the office cafeteria.,0,chat
759966 is your secret one time password (OTP) for logging into WhatsApp. Valid for 5 minutes. Do not share with anyone.,0,otp_normal
"IRCTC: PNR 703837682 confirmed. Coach B1, Berth 49. Please carry a valid original photo ID during travel.",0,travel
Your order #511811 from Zepto has been dispatched. Track in your app or thank your delivery agent.,0,ecommerce
"Your Canara Bank Account XX9119 is debited by INR 1,250.00 at Myntra. Avl Bal: INR 5,755.00. Report unauthorized: 1800112211.",0,bank_normal
Your order #726020 from Swiggy has been dispatched. Track in your app or thank your delivery agent.,0,ecommerce
"Work from home daily! Earn ₹8,500 by rating movies and products online. No fee. Contact manager on WhatsApp 9624568852.",1,fake_job
Urgent notice from Cyber Cell: Legal case registered under your ID. Call investigation officer 9123647205 within 2 hours to avoid arrest.,1,police_threat
FedEx: Package delivery paused due to incomplete home address. Pay Rs 49 redelivery fee at http://fedex-reschedule.cc,1,delivery
"Your Bank of Baroda Account XX2033 is debited by INR 45.00 at Myntra. Avl Bal: INR 28,283.00. Report unauthorized: 1800112211.",0,bank_normal
"IRCTC: PNR 984205108 confirmed. Coach A1, Berth 34. Please carry a valid original photo ID during travel.",0,travel
"Paytm: Pending refund of Rs 2,50,000 failed. Complete OTP verification at http://paytm-refund.info to credit money.",1,refund
Alert from Kotak: Your account 8400 is restricted. Update your KYC to avoid permanent blocking at http://kotak-kyc-update.click.,1,bank_kyc
Your order #491342 from Blinkit has been dispatched. Track in your app or thank your delivery agent.,0,ecommerce
"Dear consumer, power supply will be cut off tonight at 9:30 PM for non-payment of electricity bill. Call electricity desk 9562794267 immediately.",1,utility
Your order #804582 from Ola has been dispatched. Track in your app or thank your delivery agent.,0,ecommerce
948389 is your secret one time password (OTP) for logging into Amazon. Valid for 5 minutes. Do not share with anyone.,0,otp_normal
Urgent notice from Cyber Cell: Legal case registered under your ID. Call investigation officer 9122362925 within 2 hours to avoid arrest.,1,police_threat
Can you share the lecture notes from today's session?,0,chat
"Work from home daily! Earn ₹4,000 by rating movies and products online. No fee. Contact manager on WhatsApp 9609431998.",1,fake_job
India Post: Package delivery paused due to incomplete home address. Pay Rs 35 redelivery fee at http://indiapost-reschedule.xyz,1,delivery
Your order #659070 from Blinkit has been dispatched. Track in your app or thank your delivery agent.,0,ecommerce
"Work from home daily! Earn ₹8,500 by rating movies and products online. No fee. Contact manager on WhatsApp 9312239588.",1,fake_job
"Your Canara Bank Account XX4397 is debited by INR 420.00 at Zomato. Avl Bal: INR 23,325.00. Report unauthorized: 1800112211.",0,bank_normal
"Your PNB Account XX1808 is debited by INR 1,250.00 at Flipkart. Avl Bal: INR 33,718.00. Report unauthorized: 1800112211.",0,bank_normal
"Your Axis Bank Account XX2377 is debited by INR 890.00 at Amazon. Avl Bal: INR 59,176.00. Report unauthorized: 1800112211.",0,bank_normal
See you in 15 minutes at the office cafeteria.,0,chat
"IRCTC: PNR 755661841 confirmed. Coach B3, Berth 56. Please carry a valid original photo ID during travel.",0,travel
"IRCTC: PNR 648883184 confirmed. Coach S5, Berth 29. Please carry a valid original photo ID during travel.",0,travel
529069 is your secret one time password (OTP) for logging into IRCTC. Valid for 5 minutes. Do not share with anyone.,0,otp_normal
"Work from home daily! Earn ₹8,500 by rating movies and products online. No fee. Contact manager on WhatsApp 9158458981.",1,fake_job
595283 is your secret one time password (OTP) for logging into Uber. Valid for 5 minutes. Do not share with anyone.,0,otp_normal
359405 is your secret one time password (OTP) for logging into WhatsApp. Valid for 5 minutes. Do not share with anyone.,0,otp_normal
"PhonePe: Pending refund of ₹25,000 failed. Complete OTP verification at http://phonepe-refund.site to credit money.",1,refund
Amazon Pay: Pending refund of ₹25 Lakhs failed. Complete OTP verification at http://amazonpay-refund.site to credit money.,1,refund
728758 is your secret one time password (OTP) for logging into Myntra. Valid for 5 minutes. Do not share with anyone.,0,otp_normal
Have you booked the movie tickets for tonight?,0,chat
674901 is your secret one time password (OTP) for logging into Uber. Valid for 5 minutes. Do not share with anyone.,0,otp_normal
Congratulations! Your mobile number won 1 Crore in nationwide lucky draw! Call manager at 9255307661 to claim your prize.,1,lottery
Have you booked the movie tickets for tonight?,0,chat
"Google Pay: Pending refund of ₹25,000 failed. Complete OTP verification at http://googlepay-refund.cc to credit money.",1,refund
Urgent notice from Police Crime Branch: Legal case registered under your ID. Call investigation officer 9737020984 within 2 hours to avoid arrest.,1,police_threat
Your order #467658 from Swiggy has been dispatched. Track in your app or thank your delivery agent.,0,ecommerce
Happy anniversary to you both! Have an amazing celebration.,0,chat
Alert from PNB: Your account 1874 is restricted. Update your KYC to avoid permanent blocking at http://pnb-account-reactivate.site.,1,bank_kyc
See you in 15 minutes at the office cafeteria.,0,chat
Urgent notice from Telecom Authority: Legal case registered under your ID. Call investigation officer 9160084389 within 2 hours to avoid arrest.,1,police_threat
"IRCTC: PNR 151100801 confirmed. Coach B3, Berth 28. Please carry a valid original photo ID during travel.",0,travel
DHL: Package delivery paused due to incomplete home address. Pay Rs 49 redelivery fee at http://dhl-reschedule.online,1,delivery
643803 is your secret one time password (OTP) for logging into WhatsApp. Valid for 5 minutes. Do not share with anyone.,0,otp_normal
"Work from home daily! Earn ₹2,500 by rating movies and products online. No fee. Contact manager on WhatsApp 9453538596.",1,fake_job
Happy anniversary to you both! Have an amazing celebration.,0,chat
BlueDart: Package delivery paused due to incomplete home address. Pay Rs 19 redelivery fee at http://bluedart-reschedule.site,1,delivery
"IRCTC: PNR 964934641 confirmed. Coach B3, Berth 27. Please carry a valid original photo ID during travel.",0,travel
"Your ICICI Account XX2421 is debited by INR 150.00 at Zomato. Avl Bal: INR 50,510.00. Report unauthorized: 1800112211.",0,bank_normal
Have you booked the movie tickets for tonight?,0,chat
"Your HDFC Account XX8187 is debited by INR 150.00 at Swiggy. Avl Bal: INR 84,944.00. Report unauthorized: 1800112211.",0,bank_normal
"IRCTC: PNR 102074242 confirmed. Coach B1, Berth 41. Please carry a valid original photo ID during travel.",0,travel
Your order #103729 from Myntra has been dispatched. Track in your app or thank your delivery agent.,0,ecommerce
"IRCTC: PNR 933298459 confirmed. Coach B1, Berth 66. Please carry a valid original photo ID during travel.",0,travel
Your order #728935 from Blinkit has been dispatched. Track in your app or thank your delivery agent.,0,ecommerce
"IRCTC: PNR 620771762 confirmed. Coach A1, Berth 59. Please carry a valid original photo ID during travel.",0,travel
"Work from home daily! Earn ₹4,000 by rating movies and products online. No fee. Contact manager on WhatsApp 9968535946.",1,fake_job
"Work from home daily! Earn ₹6,000 by rating movies and products online. No fee. Contact manager on WhatsApp 9537809212.",1,fake_job
759774 is your secret one time password (OTP) for logging into Swiggy. Valid for 5 minutes. Do not share with anyone.,0,otp_normal
Let me know once you reach home safely.,0,chat
"IRCTC: PNR 311144131 confirmed. Coach A1, Berth 47. Please carry a valid original photo ID during travel.",0,travel
"Congratulations! Your mobile number won ₹50,00,000 in nationwide lucky draw! Call manager at 9743837953 to claim your prize.",1,lottery
"IRCTC: PNR 169580185 confirmed. Coach B2, Berth 12. Please carry a valid original photo ID during travel.",0,travel
"IRCTC: PNR 189948213 confirmed. Coach B3, Berth 57. Please carry a valid original photo ID during travel.",0,travel
See you in 15 minutes at the office cafeteria.,0,chat
"Your HDFC Account XX4671 is debited by INR 150.00 at Zepto. Avl Bal: INR 20,438.00. Report unauthorized: 1800112211.",0,bank_normal
"Work from home daily! Earn ₹8,500 by rating movies and products online. No fee. Contact manager on WhatsApp 9700317767.",1,fake_job
Mahanagar Gas Alert: Your gas pipeline meter will be disconnected today. Pay pending fee of Rs 850 immediately via link: http://mgl-paybill.xyz,1,utility
"Dear consumer, power supply will be cut off tonight at 8:00 PM for non-payment of electricity bill. Call electricity desk 9695918472 immediately.",1,utility
"Google Pay: Pending refund of Rs 2,50,000 failed. Complete OTP verification at http://googlepay-refund.pw to credit money.",1,refund
373497 is your secret one time password (OTP) for logging into Zomato. Valid for 5 minutes. Do not share with anyone.,0,otp_normal
"IRCTC: PNR 966904072 confirmed. Coach A1, Berth 71. Please carry a valid original photo ID during travel.",0,travel
Your order #493807 from Ola has been dispatched. Track in your app or thank your delivery agent.,0,ecommerce
Your order #412916 from Zomato has been dispatched. Track in your app or thank your delivery agent.,0,ecommerce
"Your Bank of Baroda Account XX5354 is debited by INR 1,250.00 at Ola. Avl Bal: INR 60,264.00. Report unauthorized: 1800112211.",0,bank_normal
"Work from home daily! Earn ₹8,500 by rating movies and products online. No fee. Contact manager on WhatsApp 9534110264.",1,fake_job
Your order #813895 from Swiggy has been dispatched. Track in your app or thank your delivery agent.,0,ecommerce
Alert from PNB: Your account 1671 is restricted. Update your KYC within 24 hours at http://pnb-secure-verify.site.,1,bank_kyc
Urgent notice from Police Crime Branch: Legal case registered under your ID. Call investigation officer 9809516666 within 2 hours to avoid arrest.,1,police_threat
784494 is your secret one time password (OTP) for logging into IRCTC. Valid for 5 minutes. Do not share with anyone.,0,otp_normal
Your order #356427 from Flipkart has been dispatched. Track in your app or thank your delivery agent.,0,ecommerce
"Your PNB Account XX1063 is debited by INR 2,499.00 at Zomato. Avl Bal: INR 55,126.00. Report unauthorized: 1800112211.",0,bank_normal
"Your SBI Account XX2777 is debited by INR 2,499.00 at Flipkart. Avl Bal: INR 23,161.00. Report unauthorized: 1800112211.",0,bank_normal
"Your Axis Bank Account XX4705 is debited by INR 45.00 at Myntra. Avl Bal: INR 25,422.00. Report unauthorized: 1800112211.",0,bank_normal
"IRCTC: PNR 842406733 confirmed. Coach A1, Berth 13. Please carry a valid original photo ID during travel.",0,travel
Your order #805853 from Flipkart has been dispatched. Track in your app or thank your delivery agent.,0,ecommerce
"IRCTC: PNR 951246989 confirmed. Coach B2, Berth 54. Please carry a valid original photo ID during travel.",0,travel
"Your HDFC Account XX1107 is debited by INR 2,499.00 at Ola. Avl Bal: INR 68,822.00. Report unauthorized: 1800112211.",0,bank_normal
Congratulations! Your mobile number won Tata Harrier SUV in nationwide lucky draw! Call manager at 9189362500 to claim your prize.,1,lottery
"IRCTC: PNR 896460979 confirmed. Coach B2, Berth 50. Please carry a valid original photo ID during travel.",0,travel
See you in 15 minutes at the office cafeteria.,0,chat
Delhivery: Package delivery paused due to incomplete home address. Pay Rs 25 redelivery fee at http://delhivery-reschedule.site,1,delivery
"ICICI Bank: INR 2,500.00 withdrawn from ATM at MG Road on 03-Sep. Available balance INR 32,100.00. If not done by you, SMS BLOCK to 92156.",0,bank_normal
DHL: Package delivery paused due to incomplete home address. Pay ₹10 redelivery fee at http://dhl-reschedule.info,1,delivery
Alert from Bank of Baroda: Your account 2517 is restricted. Update your KYC within 24 hours at http://bankofbaroda-kyc-update.cc.,1,bank_kyc
"Work from home daily! Earn ₹2,500 by rating movies and products online. No fee. Contact manager on WhatsApp 9462071380.",1,fake_job
"Google Pay Alert: Scratch card reward worth ₹3,500 is waiting for you. Click link and enter your UPI PIN to transfer money into your account.",1,refund
India Post: Package delivery paused due to incomplete home address. Pay Rs 19 redelivery fee at http://indiapost-reschedule.cc,1,delivery
BlueDart: Package delivery paused due to incomplete home address. Pay Rs 25 redelivery fee at http://bluedart-reschedule.top,1,delivery
Did you check out that new coffee shop down the street?,0,chat
Alert from Kotak: Your account 6280 is restricted. Update your KYC today immediately at http://kotak-netbank-login.info.,1,bank_kyc
DHL: Package delivery paused due to incomplete home address. Pay Rs 49 redelivery fee at http://dhl-reschedule.cc,1,delivery
215140 is your secret one time password (OTP) for logging into Zomato. Valid for 5 minutes. Do not share with anyone.,0,otp_normal
Delhivery: Package delivery paused due to incomplete home address. Pay Rs 19 redelivery fee at http://delhivery-reschedule.pw,1,delivery
Have you booked the movie tickets for tonight?,0,chat
"IRCTC: PNR 883796238 confirmed. Coach B1, Berth 37. Please carry a valid original photo ID during travel.",0,travel
Your order #351839 from Myntra has been dispatched. Track in your app or thank your delivery agent.,0,ecommerce
306749 is your secret one time password (OTP) for logging into WhatsApp. Valid for 5 minutes. Do not share with anyone.,0,otp_normal
Have you booked the movie tickets for tonight?,0,chat
"PhonePe: Pending refund of Rs 2,50,000 failed. Complete OTP verification at http://phonepe-refund.online to credit money.",1,refund
592492 is your secret one time password (OTP) for logging into Zomato. Valid for 5 minutes. Do not share with anyone.,0,otp_normal
"IRCTC: PNR 718189696 confirmed. Coach B2, Berth 21. Please carry a valid original photo ID during travel.",0,travel
Your order #118807 from Flipkart has been dispatched. Track in your app or thank your delivery agent.,0,ecommerce
"Work from home daily! Earn ₹6,000 by rating movies and products online. No fee. Contact manager on WhatsApp 9494274011.",1,fake_job
119510 is your secret one time password (OTP) for logging into Amazon. Valid for 5 minutes. Do not share with anyone.,0,otp_normal
Delhivery: Package delivery paused due to incomplete home address. Pay Rs 19 redelivery fee at http://delhivery-reschedule.site,1,delivery
BlueDart: Package delivery paused due to incomplete home address. Pay Rs 25 redelivery fee at http://bluedart-reschedule.xyz,1,delivery
"IRCTC: PNR 256191078 confirmed. Coach B1, Berth 27. Please carry a valid original photo ID during travel.",0,travel
"Hey, let's catch up this weekend. Are you free on Saturday?",0,chat
"Your Axis Bank Account XX6969 is debited by INR 420.00 at Uber. Avl Bal: INR 75,990.00. Report unauthorized: 1800112211.",0,bank_normal
"IRCTC: PNR 114228944 confirmed. Coach A1, Berth 4. Please carry a valid original photo ID during travel.",0,travel
"Your Canara Bank Account XX9534 is debited by INR 2,499.00 at Zomato. Avl Bal: INR 73,159.00. Report unauthorized: 1800112211.",0,bank_normal
See you in 15 minutes at the office cafeteria.,0,chat
126393 is your secret one time password (OTP) for logging into IRCTC. Valid for 5 minutes. Do not share with anyone.,0,otp_normal
Delhivery: Package delivery paused due to incomplete home address. Pay Rs 49 redelivery fee at http://delhivery-reschedule.top,1,delivery
"Your SBI Account XX6137 is debited by INR 45.00 at Zepto. Avl Bal: INR 38,359.00. Report unauthorized: 1800112211.",0,bank_normal
Your order #356392 from Amazon has been dispatched. Track in your app or thank your delivery agent.,0,ecommerce
Have you booked the movie tickets for tonight?,0,chat
"Hey, let's catch up this weekend. Are you free on Saturday?",0,chat
575859 is your secret one time password (OTP) for logging into Myntra. Valid for 5 minutes. Do not share with anyone.,0,otp_normal
805937 is your secret one time password (OTP) for logging into Uber. Valid for 5 minutes. Do not share with anyone.,0,otp_normal
Alert from HDFC: Your account 2019 is restricted. Update your KYC before 9 PM tonight at http://hdfc-kyc-update.site.,1,bank_kyc
Your order #473221 from Myntra has been dispatched. Track in your app or thank your delivery agent.,0,ecommerce
557519 is your secret one time password (OTP) for logging into Amazon. Valid for 5 minutes. Do not share with anyone.,0,otp_normal
"IRCTC: PNR 490915449 confirmed. Coach S4, Berth 54. Please carry a valid original photo ID during travel.",0,travel
"PhonePe: Pending refund of ₹25,000 failed. Complete OTP verification at http://phonepe-refund.pw to credit money.",1,refund
India Post: Package delivery paused due to incomplete home address. Pay ₹10 redelivery fee at http://indiapost-reschedule.pw,1,delivery
Urgent notice from Cyber Cell: Legal case registered under your ID. Call investigation officer 9386397783 within 2 hours to avoid arrest.,1,police_threat
Alert from Bank of Baroda: Your account 4054 is restricted. Update your KYC before 9 PM tonight at http://bankofbaroda-account-reactivate.info.,1,bank_kyc
Urgent notice from Telecom Authority: Legal case registered under your ID. Call investigation officer 9952350451 within 2 hours to avoid arrest.,1,police_threat
465898 is your secret one time password (OTP) for logging into Swiggy. Valid for 5 minutes. Do not share with anyone.,0,otp_normal
"Your SBI Account XX1916 is debited by INR 420.00 at Zomato. Avl Bal: INR 75,507.00. Report unauthorized: 1800112211.",0,bank_normal
"Paytm: Pending refund of Rs 15,000 failed. Complete OTP verification at http://paytm-refund.me to credit money.",1,refund
Alert from ICICI: Your account 6989 is restricted. Update your KYC to avoid permanent blocking at http://icici-reward-claim.xyz.,1,bank_kyc
"IRCTC: PNR 326182694 confirmed. Coach B1, Berth 32. Please carry a valid original photo ID during travel.",0,travel
432066 is your secret one time password (OTP) for logging into Swiggy. Valid for 5 minutes. Do not share with anyone.,0,otp_normal
"Dear consumer, power supply will be cut off tonight at 10:00 PM for non-payment of electricity bill. Call electricity desk 9473605306 immediately.",1,utility
Alert from Bank of Baroda: Your account 4141 is restricted. Update your KYC or card will be deactivated at http://bankofbaroda-kyc-update.me.,1,bank_kyc
317767 is your secret one time password (OTP) for logging into WhatsApp. Valid for 5 minutes. Do not share with anyone.,0,otp_normal
Your order #327369 from Swiggy has been dispatched. Track in your app or thank your delivery agent.,0,ecommerce
Urgent notice from CBI Investigation: Legal case registered under your ID. Call investigation officer 9965106149 within 2 hours to avoid arrest.,1,police_threat
"Thanks for the help yesterday, really appreciate it!",0,chat
"Your PNB Account XX6520 is debited by INR 45.00 at Swiggy. Avl Bal: INR 74,224.00. Report unauthorized: 1800112211.",0,bank_normal
"Work from home daily! Earn ₹8,500 by rating movies and products online. No fee. Contact manager on WhatsApp 9211670041.",1,fake_job
Urgent notice from Police Crime Branch: Legal case registered under your ID. Call investigation officer 9228161931 within 2 hours to avoid arrest.,1,police_threat
See you in 15 minutes at the office cafeteria.,0,chat
Alert from Axis Bank: Your account 6543 is restricted. Update your KYC or card will be deactivated at http://axisbank-account-reactivate.top.,1,bank_kyc
Your order #334729 from Myntra has been dispatched. Track in your app or thank your delivery agent.,0,ecommerce
Do not share: 928310 is your OTP for transaction of INR 350.00 on Zepto with HDFC Bank Card ending 8219.,0,otp_normal
"Your ICICI Account XX4723 is debited by INR 45.00 at Zepto. Avl Bal: INR 9,781.00. Report unauthorized: 1800112211.",0,bank_normal
Can you share the lecture notes from today's session?,0,chat
"Your Canara Bank Account XX1897 is debited by INR 2,499.00 at Flipkart. Avl Bal: INR 20,150.00. Report unauthorized: 1800112211.",0,bank_normal
"Dear consumer, power supply will be cut off tonight at 8:00 PM for non-payment of electricity bill. Call electricity desk 9559034682 immediately.",1,utility
120323 is your secret one time password (OTP) for logging into Swiggy. Valid for 5 minutes. Do not share with anyone.,0,otp_normal
Your order #132930 from Flipkart has been dispatched. Track in your app or thank your delivery agent.,0,ecommerce
862473 is your secret one time password (OTP) for logging into IRCTC. Valid for 5 minutes. Do not share with anyone.,0,otp_normal
444620 is your secret one time password (OTP) for logging into Zomato. Valid for 5 minutes. Do not share with anyone.,0,otp_normal
See you in 15 minutes at the office cafeteria.,0,chat
Have you booked the movie tickets for tonight?,0,chat
656823 is your secret one time password (OTP) for logging into Swiggy. Valid for 5 minutes. Do not share with anyone.,0,otp_normal
"Your SBI Account XX5402 is debited by INR 45.00 at Swiggy. Avl Bal: INR 6,132.00. Report unauthorized: 1800112211.",0,bank_normal
Your order #115141 from Myntra has been dispatched. Track in your app or thank your delivery agent.,0,ecommerce
497172 is your secret one time password (OTP) for logging into Zomato. Valid for 5 minutes. Do not share with anyone.,0,otp_normal
Alert from PNB: Your account 1966 is restricted. Update your KYC to avoid permanent blocking at http://pnb-secure-verify.cc.,1,bank_kyc
"IRCTC: PNR 808180625 confirmed. Coach A1, Berth 37. Please carry a valid original photo ID during travel.",0,travel
Urgent notice from Telecom Authority: Legal case registered under your ID. Call investigation officer 9896996843 within 2 hours to avoid arrest.,1,police_threat
Can you share the lecture notes from today's session?,0,chat
Happy anniversary to you both! Have an amazing celebration.,0,chat
594523 is your secret one time password (OTP) for logging into WhatsApp. Valid for 5 minutes. Do not share with anyone.,0,otp_normal
"IRCTC: PNR 968972722 confirmed. Coach A1, Berth 62. Please carry a valid original photo ID during travel.",0,travel
Alert from PNB: Your account 5917 is restricted. Update your KYC to avoid permanent blocking at http://pnb-kyc-update.cc.,1,bank_kyc
See you in 15 minutes at the office cafeteria.,0,chat
Alert from Canara Bank: Your account 1999 is restricted. Update your KYC within 24 hours at http://canarabank-reward-claim.click.,1,bank_kyc
Your order #775002 from Amazon has been dispatched. Track in your app or thank your delivery agent.,0,ecommerce
"IRCTC: PNR 964041053 confirmed. Coach B1, Berth 71. Please carry a valid original photo ID during travel.",0,travel
"Dear consumer, power supply will be cut off tonight at midnight for non-payment of electricity bill. Call electricity desk 9694439254 immediately.",1,utility
Your order #402865 from Swiggy has been dispatched. Track in your app or thank your delivery agent.,0,ecommerce
"Google Pay: Pending refund of Rs 15,000 failed. Complete OTP verification at http://googlepay-refund.xyz to credit money.",1,refund
"Your SBI Account XX9904 is debited by INR 2,499.00 at Myntra. Avl Bal: INR 77,108.00. Report unauthorized: 1800112211.",0,bank_normal
987395 is your secret one time password (OTP) for logging into Swiggy. Valid for 5 minutes. Do not share with anyone.,0,otp_normal
961501 is your secret one time password (OTP) for logging into Uber. Valid for 5 minutes. Do not share with anyone.,0,otp_normal
658086 is your secret one time password (OTP) for logging into Amazon. Valid for 5 minutes. Do not share with anyone.,0,otp_normal
"Your ICICI Account XX8209 is debited by INR 890.00 at Zepto. Avl Bal: INR 29,299.00. Report unauthorized: 1800112211.",0,bank_normal
"IRCTC: PNR 370460132 confirmed. Coach S4, Berth 2. Please carry a valid original photo ID during travel.",0,travel
"Hey, let's catch up this weekend. Are you free on Saturday?",0,chat
745972 is your secret one time password (OTP) for logging into Zomato. Valid for 5 minutes. Do not share with anyone.,0,otp_normal
Your order #441609 from Flipkart has been dispatched. Track in your app or thank your delivery agent.,0,ecommerce
"IRCTC: PNR 183531892 confirmed. Coach B2, Berth 47. Please carry a valid original photo ID during travel.",0,travel
Your order #317726 from Amazon has been dispatched. Track in your app or thank your delivery agent.,0,ecommerce
Alert from SBI: Your account 8833 is restricted. Update your KYC within 24 hours at http://sbi-reward-claim.online.,1,bank_kyc
"Thanks for the help yesterday, really appreciate it!",0,chat
"Your HDFC Account XX6330 is debited by INR 45.00 at Blinkit. Avl Bal: INR 8,771.00. Report unauthorized: 1800112211.",0,bank_normal
"Your PNB Account XX7747 is debited by INR 890.00 at Swiggy. Avl Bal: INR 83,018.00. Report unauthorized: 1800112211.",0,bank_normal
Your order #773166 from Zomato has been dispatched. Track in your app or thank your delivery agent.,0,ecommerce
Have you booked the movie tickets for tonight?,0,chat
"IRCTC: PNR 551681722 confirmed. Coach S5, Berth 48. Please carry a valid original photo ID during travel.",0,travel
"Work from home daily! Earn ₹2,500 by rating movies and products online. No fee. Contact manager on WhatsApp 9636101339.",1,fake_job
"IRCTC: PNR 646810051 confirmed. Coach B3, Berth 29. Please carry a valid original photo ID during travel.",0,travel
"Work from home daily! Earn ₹4,000 by rating movies and products online. No fee. Contact manager on WhatsApp 9511814592.",1,fake_job
"IRCTC: PNR 862213959 confirmed. Coach S4, Berth 7. Please carry a valid original photo ID during travel.",0,travel
Alert from HDFC: Your account 8629 is restricted. Update your KYC or card will be deactivated at http://hdfc-secure-verify.cc.,1,bank_kyc
"Thanks for the help yesterday, really appreciate it!",0,chat
Alert from Kotak: Your account 3074 is restricted. Update your KYC today immediately at http://kotak-reward-claim.me.,1,bank_kyc
Your order #268050 from Flipkart has been dispatched. Track in your app or thank your delivery agent.,0,ecommerce
"Work from home daily! Earn ₹6,000 by rating movies and products online. No fee. Contact manager on WhatsApp 9511011140.",1,fake_job
"Thanks for the help yesterday, really appreciate it!",0,chat
Your order #133205 from Ola has been dispatched. Track in your app or thank your delivery agent.,0,ecommerce
PhonePe: You paid ₹120 to Café Coffee Day. Transaction ID: T260904123456.,0,payment_normal
"Thanks for the help yesterday, really appreciate it!",0,chat
"IRCTC: PNR 421431223 confirmed. Coach A1, Berth 57. Please carry a valid original photo ID during travel.",0,travel
Congratulations! Your mobile number won Tata Harrier SUV in nationwide lucky draw! Call manager at 9680534808 to claim your prize.,1,lottery
"IRCTC: PNR 813949679 confirmed. Coach A1, Berth 45. Please carry a valid original photo ID during travel.",0,travel
"IRCTC: PNR 240269593 confirmed. Coach S4, Berth 20. Please carry a valid original photo ID during travel.",0,travel
Your order #818648 from Uber has been dispatched. Track in your app or thank your delivery agent.,0,ecommerce
"Your Kotak Account XX1620 is debited by INR 1,250.00 at Amazon. Avl Bal: INR 36,153.00. Report unauthorized: 1800112211.",0,bank_normal
"Your SBI Account XX1818 is debited by INR 2,499.00 at Swiggy. Avl Bal: INR 82,707.00. Report unauthorized: 1800112211.",0,bank_normal
Let me know once you reach home safely.,0,chat
"Your HDFC Account XX4001 is debited by INR 890.00 at Blinkit. Avl Bal: INR 70,425.00. Report unauthorized: 1800112211.",0,bank_normal
Your order #371609 from Uber has been dispatched. Track in your app or thank your delivery agent.,0,ecommerce
Congratulations! Your mobile number won Tata Harrier SUV in nationwide lucky draw! Call manager at 9602821784 to claim your prize.,1,lottery
349220 is your secret one time password (OTP) for logging into Zomato. Valid for 5 minutes. Do not share with anyone.,0,otp_normal
542899 is your secret one time password (OTP) for logging into Myntra. Valid for 5 minutes. Do not share with anyone.,0,otp_normal
"PhonePe: Pending refund of Rs 2,50,000 failed. Complete OTP verification at http://phonepe-refund.online to credit money.",1,refund
"Dear consumer, power supply will be cut off tonight at 8:00 PM for non-payment of electricity bill. Call electricity desk 9754753328 immediately.",1,utility
"Amazon Pay: Pending refund of Rs 15,000 failed. Complete OTP verification at http://amazonpay-refund.pw to credit money.",1,refund
"IRCTC: PNR 358112117 confirmed. Coach B2, Berth 26. Please carry a valid original photo ID during travel.",0,travel
Alert from Bank of Baroda: Your account 2668 is restricted. Update your KYC before 9 PM tonight at http://bankofbaroda-reward-claim.xyz.,1,bank_kyc
"Your Bank of Baroda Account XX2406 is debited by INR 890.00 at Flipkart. Avl Bal: INR 53,268.00. Report unauthorized: 1800112211.",0,bank_normal
"Congratulations! Your mobile number won ₹25,00,000 in nationwide lucky draw! Call manager at 9559708603 to claim your prize.",1,lottery
Your order #557141 from Uber has been dispatched. Track in your app or thank your delivery agent.,0,ecommerce
"Your Canara Bank Account XX5536 is debited by INR 2,499.00 at Blinkit. Avl Bal: INR 38,071.00. Report unauthorized: 1800112211.",0,bank_normal
"Your SBI Account XX3511 is debited by INR 420.00 at Amazon. Avl Bal: INR 8,228.00. Report unauthorized: 1800112211.",0,bank_normal
Urgent notice from Cyber Cell: Legal case registered under your ID. Call investigation officer 9291064324 within 2 hours to avoid arrest.,1,police_threat
"Your PNB Account XX7099 is debited by INR 1,250.00 at Zepto. Avl Bal: INR 29,502.00. Report unauthorized: 1800112211.",0,bank_normal
Have you booked the movie tickets for tonight?,0,chat
"IRCTC: PNR 490449925 confirmed. Coach B3, Berth 14. Please carry a valid original photo ID during travel.",0,travel
"PhonePe: Pending refund of Rs 50,000 failed. Complete OTP verification at http://phonepe-refund.pw to credit money.",1,refund
"Work from home daily! Earn ₹2,500 by rating movies and products online. No fee. Contact manager on WhatsApp 9642172270.",1,fake_job
Your order #644283 from Zepto has been dispatched. Track in your app or thank your delivery agent.,0,ecommerce
Alert from Kotak: Your account 6463 is restricted. Update your KYC or card will be deactivated at http://kotak-netbank-login.online.,1,bank_kyc
135010 is your secret one time password (OTP) for logging into Uber. Valid for 5 minutes. Do not share with anyone.,0,otp_normal
"IRCTC: PNR 856575268 confirmed. Coach S5, Berth 27. Please carry a valid original photo ID during travel.",0,travel
"Your Bank of Baroda Account XX4262 is debited by INR 150.00 at Zepto. Avl Bal: INR 58,472.00. Report unauthorized: 1800112211.",0,bank_normal
Your order #997748 from Myntra has been dispatched. Track in your app or thank your delivery agent.,0,ecommerce
Can you share the lecture notes from today's session?,0,chat
Your order #363503 from Blinkit has been dispatched. Track in your app or thank your delivery agent.,0,ecommerce
438246 is your secret one time password (OTP) for logging into Zomato. Valid for 5 minutes. Do not share with anyone.,0,otp_normal
499472 is your secret one time password (OTP) for logging into Myntra. Valid for 5 minutes. Do not share with anyone.,0,otp_normal
Your order #462205 from Zomato has been dispatched. Track in your app or thank your delivery agent.,0,ecommerce
"Dear consumer, power supply will be cut off tonight at 8:00 PM for non-payment of electricity bill. Call electricity desk 9953382616 immediately.",1,utility
Your order #444359 from Zomato has been dispatched. Track in your app or thank your delivery agent.,0,ecommerce
"Your HDFC Account XX5439 is debited by INR 2,499.00 at Zomato. Avl Bal: INR 71,394.00. Report unauthorized: 1800112211.",0,bank_normal
Did you check out that new coffee shop down the street?,0,chat
Your order #217419 from Flipkart has been dispatched. Track in your app or thank your delivery agent.,0,ecommerce
Your order #388350 from Swiggy has been dispatched. Track in your app or thank your delivery agent.,0,ecommerce
Urgent notice from Cyber Cell: Legal case registered under your ID. Call investigation officer 9719408429 within 2 hours to avoid arrest.,1,police_threat
Paytm: Pending refund of ₹25 Lakhs failed. Complete OTP verification at http://paytm-refund.cc to credit money.,1,refund
See you in 15 minutes at the office cafeteria.,0,chat
"Paytm: Pending refund of ₹25,000 failed. Complete OTP verification at http://paytm-refund.click to credit money.",1,refund
"IRCTC: PNR 283879856 confirmed. Coach S5, Berth 49. Please carry a valid original photo ID during travel.",0,travel
Your order #600228 from Zomato has been dispatched. Track in your app or thank your delivery agent.,0,ecommerce
Urgent notice from Telecom Authority: Legal case registered under your ID. Call investigation officer 9930560860 within 2 hours to avoid arrest.,1,police_threat
"Your SBI Account XX4829 is debited by INR 650.00 on 04-Sep-26 at Grocery Store. Avl Bal: INR 18,420.00. Report fraud: 1800112211.",0,bank_normal
Your order #988752 from Amazon has been dispatched. Track in your app or thank your delivery agent.,0,ecommerce
"Work from home daily! Earn ₹4,000 by rating movies and products online. No fee. Contact manager on WhatsApp 9471793039.",1,fake_job
Urgent notice from Telecom Authority: Legal case registered under your ID. Call investigation officer 9166385640 within 2 hours to avoid arrest.,1,police_threat
682176 is your secret one time password (OTP) for logging into Zomato. Valid for 5 minutes. Do not share with anyone.,0,otp_normal
"Your ICICI Account XX8799 is debited by INR 2,499.00 at Swiggy. Avl Bal: INR 5,595.00. Report unauthorized: 1800112211.",0,bank_normal
"Your Axis Bank Account XX6649 is debited by INR 45.00 at Ola. Avl Bal: INR 70,066.00. Report unauthorized: 1800112211.",0,bank_normal
Alert from Bank of Baroda: Your account 9472 is restricted. Update your KYC to avoid permanent blocking at http://bankofbaroda-account-reactivate.me.,1,bank_kyc
Your order #280889 from Amazon has been dispatched. Track in your app or thank your delivery agent.,0,ecommerce
"IRCTC: PNR 239761951 confirmed. Coach S5, Berth 55. Please carry a valid original photo ID during travel.",0,travel
BlueDart Express: Delivery attempt failed for package #BD7842. Update delivery preferences and pay redelivery charges: http://bluedart-reschedule.click,1,delivery
Urgent notice from Police Crime Branch: Legal case registered under your ID. Call investigation officer 9940517121 within 2 hours to avoid arrest.,1,police_threat
263543 is your secret one time password (OTP) for logging into Swiggy. Valid for 5 minutes. Do not share with anyone.,0,otp_normal
BlueDart: Package delivery paused due to incomplete home address. Pay Rs 35 redelivery fee at http://bluedart-reschedule.click,1,delivery
"Your ICICI Account XX9051 is debited by INR 2,499.00 at Ola. Avl Bal: INR 48,554.00. Report unauthorized: 1800112211.",0,bank_normal
"Work from home daily! Earn ₹6,000 by rating movies and products online. No fee. Contact manager on WhatsApp 9660149681.",1,fake_job
948934 is your secret one time password (OTP) for logging into Uber. Valid for 5 minutes. Do not share with anyone.,0,otp_normal
894044 is your secret one time password (OTP) for logging into IRCTC. Valid for 5 minutes. Do not share with anyone.,0,otp_normal
"WhatsApp Lottery Bureau London: Your number won £500,000 in international promo. Send your full name, bank details, and passport copy to claim.",1,lottery
"IRCTC: PNR 397632383 confirmed. Coach S4, Berth 35. Please carry a valid original photo ID during travel.",0,travel
Did you check out that new coffee shop down the street?,0,chat
"Work from home daily! Earn ₹2,500 by rating movies and products online. No fee. Contact manager on WhatsApp 9982958537.",1,fake_job
See you in 15 minutes at the office cafeteria.,0,chat
"Work from home daily! Earn ₹8,500 by rating movies and products online. No fee. Contact manager on WhatsApp 9420343694.",1,fake_job
"Dear consumer, power supply will be cut off tonight at midnight for non-payment of electricity bill. Call electricity desk 9267909846 immediately.",1,utility
340617 is your secret one time password (OTP) for logging into Uber. Valid for 5 minutes. Do not share with anyone.,0,otp_normal
"Your Bank of Baroda Account XX9974 is debited by INR 150.00 at Flipkart. Avl Bal: INR 15,974.00. Report unauthorized: 1800112211.",0,bank_normal
"IRCTC: PNR 621123816 confirmed. Coach S4, Berth 60. Please carry a valid original photo ID during travel.",0,travel
"Dear consumer, power supply will be cut off tonight at midnight for non-payment of electricity bill. Call electricity desk 9251861908 immediately.",1,utility
"Dear consumer, power supply will be cut off tonight at midnight for non-payment of electricity bill. Call electricity desk 9449204103 immediately.",1,utility
"Work from home daily! Earn ₹4,000 by rating movies and products online. No fee. Contact manager on WhatsApp 9705470463.",1,fake_job
"Dear consumer, power supply will be cut off tonight at midnight for non-payment of electricity bill. Call electricity desk 9423541287 immediately.",1,utility
Zomato: Delivery executive has arrived at your location with your food. Please collect your order.,0,delivery
"Dear consumer, power supply will be cut off tonight at 8:00 PM for non-payment of electricity bill. Call electricity desk 9319624790 immediately.",1,utility
Amazon Pay: Pending refund of ₹25 Lakhs failed. Complete OTP verification at http://amazonpay-refund.xyz to credit money.,1,refund
"Your Kotak Account XX8218 is debited by INR 890.00 at Blinkit. Avl Bal: INR 71,151.00. Report unauthorized: 1800112211.",0,bank_normal
"IRCTC: PNR 368064631 confirmed. Coach A1, Berth 29. Please carry a valid original photo ID during travel.",0,travel
101906 is your secret one time password (OTP) for logging into Zomato. Valid for 5 minutes. Do not share with anyone.,0,otp_normal
Your order #321576 from Ola has been dispatched. Track in your app or thank your delivery agent.,0,ecommerce
"Dear consumer, power supply will be cut off tonight at 9:30 PM for non-payment of electricity bill. Call electricity desk 9223522711 immediately.",1,utility
"Amazon Pay: Pending refund of ₹4,999 failed. Complete OTP verification at http://amazonpay-refund.xyz to credit money.",1,refund
"Your PNB Account XX2291 is debited by INR 150.00 at Swiggy. Avl Bal: INR 13,720.00. Report unauthorized: 1800112211.",0,bank_normal
"Your PNB Account XX9120 is debited by INR 420.00 at Myntra. Avl Bal: INR 23,170.00. Report unauthorized: 1800112211.",0,bank_normal
"Your PNB Account XX2184 is debited by INR 890.00 at Zepto. Avl Bal: INR 49,148.00. Report unauthorized: 1800112211.",0,bank_normal
Congratulations! Your mobile number won 1 Crore in nationwide lucky draw! Call manager at 9734141529 to claim your prize.,1,lottery
Alert from Canara Bank: Your account 2804 is restricted. Update your KYC within 24 hours at http://canarabank-account-reactivate.xyz.,1,bank_kyc
"IRCTC: PNR 782923797 confirmed. Coach B1, Berth 19. Please carry a valid original photo ID during travel.",0,travel
"IRCTC: PNR 286643163 confirmed. Coach B1, Berth 26. Please carry a valid original photo ID during travel.",0,travel
"Your Kotak Account XX8522 is debited by INR 1,250.00 at Flipkart. Avl Bal: INR 75,320.00. Report unauthorized: 1800112211.",0,bank_normal
Your order #888428 from Flipkart has been dispatched. Track in your app or thank your delivery agent.,0,ecommerce
593197 is your secret one time password (OTP) for logging into Myntra. Valid for 5 minutes. Do not share with anyone.,0,otp_normal
Urgent notice from Telecom Authority: Legal case registered under your ID. Call investigation officer 9672451454 within 2 hours to avoid arrest.,1,police_threat
204127 is your secret one time password (OTP) for logging into IRCTC. Valid for 5 minutes. Do not share with anyone.,0,otp_normal
"Dear consumer, power supply will be cut off tonight at 8:00 PM for non-payment of electricity bill. Call electricity desk 9799192960 immediately.",1,utility
"Your Kotak Account XX3806 is debited by INR 890.00 at Zomato. Avl Bal: INR 32,386.00. Report unauthorized: 1800112211.",0,bank_normal
897783 is your secret one time password (OTP) for logging into Uber. Valid for 5 minutes. Do not share with anyone.,0,otp_normal
Alert from Canara Bank: Your account 7052 is restricted. Update your KYC to avoid permanent blocking at http://canarabank-netbank-login.cc.,1,bank_kyc
FedEx: Package delivery paused due to incomplete home address. Pay Rs 49 redelivery fee at http://fedex-reschedule.me,1,delivery
Have you booked the movie tickets for tonight?,0,chat
Did you check out that new coffee shop down the street?,0,chat
India Post: Package delivery paused due to incomplete home address. Pay Rs 35 redelivery fee at http://indiapost-reschedule.pw,1,delivery
Congratulations! Your mobile number won Tata Harrier SUV in nationwide lucky draw! Call manager at 9948698171 to claim your prize.,1,lottery
"Paytm: Pending refund of Rs 50,000 failed. Complete OTP verification at http://paytm-refund.cc to credit money.",1,refund
"PhonePe: Pending refund of Rs 2,50,000 failed. Complete OTP verification at http://phonepe-refund.site to credit money.",1,refund
"IRCTC: PNR 249809787 confirmed. Coach S4, Berth 37. Please carry a valid original photo ID during travel.",0,travel
"Dear consumer, power supply will be cut off tonight at 10:00 PM for non-payment of electricity bill. Call electricity desk 9505619606 immediately.",1,utility
Your order #337230 from Zepto has been dispatched. Track in your app or thank your delivery agent.,0,ecommerce
Congratulations! Your mobile number won Tata Harrier SUV in nationwide lucky draw! Call manager at 9912159270 to claim your prize.,1,lottery
272257 is your secret one time password (OTP) for logging into Uber. Valid for 5 minutes. Do not share with anyone.,0,otp_normal
Your order #469802 from Swiggy has been dispatched. Track in your app or thank your delivery agent.,0,ecommerce
See you in 15 minutes at the office cafeteria.,0,chat
Your order #581193 from Swiggy has been dispatched. Track in your app or thank your delivery agent.,0,ecommerce
BlueDart: Package delivery paused due to incomplete home address. Pay Rs 49 redelivery fee at http://bluedart-reschedule.site,1,delivery
Your order #621144 from Blinkit has been dispatched. Track in your app or thank your delivery agent.,0,ecommerce
Urgent notice from CBI Investigation: Legal case registered under your ID. Call investigation officer 9960991928 within 2 hours to avoid arrest.,1,police_threat
"IRCTC: PNR 921536746 confirmed. Coach B2, Berth 56. Please carry a valid original photo ID during travel.",0,travel
"IRCTC: PNR 677387192 confirmed. Coach S5, Berth 52. Please carry a valid original photo ID during travel.",0,travel
BlueDart: Package delivery paused due to incomplete home address. Pay ₹10 redelivery fee at http://bluedart-reschedule.xyz,1,delivery
698029 is your secret one time password (OTP) for logging into Uber. Valid for 5 minutes. Do not share with anyone.,0,otp_normal
Urgent notice from CBI Investigation: Legal case registered under your ID. Call investigation officer 9482380040 within 2 hours to avoid arrest.,1,police_threat
Alert from Bank of Baroda: Your account 4343 is restricted. Update your KYC within 24 hours at http://bankofbaroda-pan-link.top.,1,bank_kyc
"IRCTC: PNR 762371850 confirmed. Coach B1, Berth 58. Please carry a valid original photo ID during travel.",0,travel
Your order #402619 from Zepto has been dispatched. Track in your app or thank your delivery agent.,0,ecommerce
"Dear consumer, power supply will be cut off tonight at 10:00 PM for non-payment of electricity bill. Call electricity desk 9902977754 immediately.",1,utility
Let me know once you reach home safely.,0,chat
"Your Canara Bank Account XX6406 is debited by INR 2,499.00 at Uber. Avl Bal: INR 17,041.00. Report unauthorized: 1800112211.",0,bank_normal
Your order #919973 from Flipkart has been dispatched. Track in your app or thank your delivery agent.,0,ecommerce
Urgent notice from Police Crime Branch: Legal case registered under your ID. Call investigation officer 9593707626 within 2 hours to avoid arrest.,1,police_threat
Your order #247878 from Zepto has been dispatched. Track in your app or thank your delivery agent.,0,ecommerce
Congratulations! Your mobile number won Tata Harrier SUV in nationwide lucky draw! Call manager at 9755209744 to claim your prize.,1,lottery
Your order #440068 from Flipkart has been dispatched. Track in your app or thank your delivery agent.,0,ecommerce
Your order #648694 from Amazon has been dispatched. Track in your app or thank your delivery agent.,0,ecommerce
"Hey, let's catch up this weekend. Are you free on Saturday?",0,chat
Your order #267807 from Swiggy has been dispatched. Track in your app or thank your delivery agent.,0,ecommerce
"IRCTC: PNR 353307498 confirmed. Coach B3, Berth 10. Please carry a valid original photo ID during travel.",0,travel
Your order #675194 from Swiggy has been dispatched. Track in your app or thank your delivery agent.,0,ecommerce
830351 is your secret one time password (OTP) for logging into Zomato. Valid for 5 minutes. Do not share with anyone.,0,otp_normal
Can you share the lecture notes from today's session?,0,chat
Your order #336371 from Amazon has been dispatched. Track in your app or thank your delivery agent.,0,ecommerce
"Dear Consumer, your electricity power will be disconnected tonight at 9:30 PM because previous month bill was not updated. Contact Electricity Officer at 9876543210 immediately.",1,utility
"Thanks for the help yesterday, really appreciate it!",0,chat
"Your PNB Account XX5939 is debited by INR 1,250.00 at Zomato. Avl Bal: INR 77,322.00. Report unauthorized: 1800112211.",0,bank_normal
"Congratulations! Your mobile number won ₹25,00,000 in nationwide lucky draw! Call manager at 9925916868 to claim your prize.",1,lottery
Urgent notice from Police Crime Branch: Legal case registered under your ID. Call investigation officer 9428398843 within 2 hours to avoid arrest.,1,police_threat
"Work from home daily! Earn ₹4,000 by rating movies and products online. No fee. Contact manager on WhatsApp 9157413770.",1,fake_job
"Your ICICI Account XX7382 is debited by INR 2,499.00 at Zepto. Avl Bal: INR 5,370.00. Report unauthorized: 1800112211.",0,bank_normal
"IRCTC: PNR 536288787 confirmed. Coach B1, Berth 19. Please carry a valid original photo ID during travel.",0,travel
Alert from Kotak: Your account 3479 is restricted. Update your KYC to avoid permanent blocking at http://kotak-reward-claim.site.,1,bank_kyc
"Your SBI Account XX9384 is debited by INR 890.00 at Ola. Avl Bal: INR 53,137.00. Report unauthorized: 1800112211.",0,bank_normal
Congratulations! Your mobile number won Tata Harrier SUV in nationwide lucky draw! Call manager at 9773914536 to claim your prize.,1,lottery
"IRCTC: PNR 384391789 confirmed. Coach B2, Berth 15. Please carry a valid original photo ID during travel.",0,travel
"Your HDFC Account XX8850 is debited by INR 150.00 at Uber. Avl Bal: INR 80,476.00. Report unauthorized: 1800112211.",0,bank_normal
"IRCTC: PNR 563681876 confirmed. Coach B1, Berth 48. Please carry a valid original photo ID during travel.",0,travel
371258 is your secret one time password (OTP) for logging into Amazon. Valid for 5 minutes. Do not share with anyone.,0,otp_normal
"Your SBI Account XX5298 is debited by INR 2,499.00 at Zomato. Avl Bal: INR 60,161.00. Report unauthorized: 1800112211.",0,bank_normal
"Your Bank of Baroda Account XX8641 is debited by INR 2,499.00 at Amazon. Avl Bal: INR 37,899.00. Report unauthorized: 1800112211.",0,bank_normal
"Your Axis Bank Account XX4459 is debited by INR 45.00 at Myntra. Avl Bal: INR 70,220.00. Report unauthorized: 1800112211.",0,bank_normal
"Hey, let's catch up this weekend. Are you free on Saturday?",0,chat
Your order #789517 from Uber has been dispatched. Track in your app or thank your delivery agent.,0,ecommerce
Urgent notice from Telecom Authority: Legal case registered under your ID. Call investigation officer 9373997523 within 2 hours to avoid arrest.,1,police_threat
Your order #935488 from Flipkart has been dispatched. Track in your app or thank your delivery agent.,0,ecommerce
163972 is your secret one time password (OTP) for logging into Zomato. Valid for 5 minutes. Do not share with anyone.,0,otp_normal
"Work from home daily! Earn ₹4,000 by rating movies and products online. No fee. Contact manager on WhatsApp 9775168081.",1,fake_job
645974 is your secret one time password (OTP) for logging into WhatsApp. Valid for 5 minutes. Do not share with anyone.,0,otp_normal
BlueDart: Package delivery paused due to incomplete home address. Pay Rs 35 redelivery fee at http://bluedart-reschedule.site,1,delivery
"Dear consumer, power supply will be cut off tonight at 8:00 PM for non-payment of electricity bill. Call electricity desk 9696247870 immediately.",1,utility
Your order #396784 from Swiggy has been dispatched. Track in your app or thank your delivery agent.,0,ecommerce
"Your Canara Bank Account XX9367 is debited by INR 890.00 at Zomato. Avl Bal: INR 80,675.00. Report unauthorized: 1800112211.",0,bank_normal
Urgent notice from Cyber Cell: Legal case registered under your ID. Call investigation officer 9326101296 within 2 hours to avoid arrest.,1,police_threat
"Work from home daily! Earn ₹8,500 by rating movies and products online. No fee. Contact manager on WhatsApp 9378710077.",1,fake_job
"Thanks for the help yesterday, really appreciate it!",0,chat
"IRCTC: PNR 764539082 confirmed. Coach S4, Berth 54. Please carry a valid original photo ID during travel.",0,travel
"Dear consumer, power supply will be cut off tonight at 9:30 PM for non-payment of electricity bill. Call electricity desk 9467907188 immediately.",1,utility
"Congratulations! Your mobile number won ₹25,00,000 in nationwide lucky draw! Call manager at 9946263124 to claim your prize.",1,lottery
"IRCTC: PNR 277608607 confirmed. Coach B2, Berth 48. Please carry a valid original photo ID during travel.",0,travel
FedEx: Package delivery paused due to incomplete home address. Pay Rs 49 redelivery fee at http://fedex-reschedule.me,1,delivery
"Your Axis Bank Account XX7525 is debited by INR 150.00 at Zepto. Avl Bal: INR 45,484.00. Report unauthorized: 1800112211.",0,bank_normal
Happy anniversary to you both! Have an amazing celebration.,0,chat
Your order #755032 from Ola has been dispatched. Track in your app or thank your delivery agent.,0,ecommerce
695446 is your secret one time password (OTP) for logging into Uber. Valid for 5 minutes. Do not share with anyone.,0,otp_normal
Your order #520576 from Blinkit has been dispatched. Track in your app or thank your delivery agent.,0,ecommerce
Urgent notice from Telecom Authority: Legal case registered under your ID. Call investigation officer 9324860158 within 2 hours to avoid arrest.,1,police_threat
"Hey, let's catch up this weekend. Are you free on Saturday?",0,chat
Urgent notice from CBI Investigation: Legal case registered under your ID. Call investigation officer 9649327992 within 2 hours to avoid arrest.,1,police_threat
Urgent notice from Cyber Cell: Legal case registered under your ID. Call investigation officer 9113689493 within 2 hours to avoid arrest.,1,police_threat
DHL: Package delivery paused due to incomplete home address. Pay ₹10 redelivery fee at http://dhl-reschedule.site,1,delivery
"IRCTC: PNR 765556220 confirmed. Coach S4, Berth 43. Please carry a valid original photo ID during travel.",0,travel
Your order #123446 from Uber has been dispatched. Track in your app or thank your delivery agent.,0,ecommerce
377311 is your secret one time password (OTP) for logging into Zomato. Valid for 5 minutes. Do not share with anyone.,0,otp_normal
"IRCTC: PNR 337999137 confirmed. Coach B2, Berth 7. Please carry a valid original photo ID during travel.",0,travel
"IRCTC: PNR 968289175 confirmed. Coach S4, Berth 60. Please carry a valid original photo ID during travel.",0,travel
"Your Bank of Baroda Account XX9598 is debited by INR 420.00 at Amazon. Avl Bal: INR 72,396.00. Report unauthorized: 1800112211.",0,bank_normal
549764 is your secret one time password (OTP) for logging into WhatsApp. Valid for 5 minutes. Do not share with anyone.,0,otp_normal
"Your PNB Account XX9683 is debited by INR 890.00 at Blinkit. Avl Bal: INR 14,269.00. Report unauthorized: 1800112211.",0,bank_normal
152446 is your secret one time password (OTP) for logging into WhatsApp. Valid for 5 minutes. Do not share with anyone.,0,otp_normal
"Work from home daily! Earn ₹2,500 by rating movies and products online. No fee. Contact manager on WhatsApp 9666236526.",1,fake_job
867768 is your secret one time password (OTP) for logging into Zomato. Valid for 5 minutes. Do not share with anyone.,0,otp_normal
"Your Axis Bank Account XX1909 is debited by INR 2,499.00 at Uber. Avl Bal: INR 27,620.00. Report unauthorized: 1800112211.",0,bank_normal
"Google Pay: Pending refund of ₹12,500 failed. Complete OTP verification at http://googlepay-refund.xyz to credit money.",1,refund
Your order #930948 from Blinkit has been dispatched. Track in your app or thank your delivery agent.,0,ecommerce
"IRCTC: PNR 686275997 confirmed. Coach S5, Berth 13. Please carry a valid original photo ID during travel.",0,travel
"Your ICICI Account XX9537 is debited by INR 890.00 at Amazon. Avl Bal: INR 78,927.00. Report unauthorized: 1800112211.",0,bank_normal
Paytm: Pending refund of ₹25 Lakhs failed. Complete OTP verification at http://paytm-refund.me to credit money.,1,refund
"PhonePe: Pending refund of ₹25,000 failed. Complete OTP verification at http://phonepe-refund.xyz to credit money.",1,refund
"Your SBI Account XX2015 is debited by INR 150.00 at Uber. Avl Bal: INR 56,502.00. Report unauthorized: 1800112211.",0,bank_normal
Can you share the lecture notes from today's session?,0,chat
"Google Pay: Pending refund of Rs 15,000 failed. Complete OTP verification at http://googlepay-refund.pw to credit money.",1,refund
"Paytm Customer Care: Your pending cashback of Rs 4,999 could not be credited. Enter your UPI PIN on http://paytm-refund-claim.cc to receive money.",1,refund
Can you share the lecture notes from today's session?,0,chat
"IRCTC: PNR 174863621 confirmed. Coach S4, Berth 51. Please carry a valid original photo ID during travel.",0,travel
Congratulations! Your mobile number won Tata Harrier SUV in nationwide lucky draw! Call manager at 9887852946 to claim your prize.,1,lottery
Your order #874597 from Zepto has been dispatched. Track in your app or thank your delivery agent.,0,ecommerce
Have you booked the movie tickets for tonight?,0,chat
"IRCTC: PNR 989030739 confirmed. Coach B3, Berth 53. Please carry a valid original photo ID during travel.",0,travel
Your order #469591 from Amazon has been dispatched. Track in your app or thank your delivery agent.,0,ecommerce
Your order #139236 from Myntra has been dispatched. Track in your app or thank your delivery agent.,0,ecommerce
"Work from home daily! Earn ₹2,500 by rating movies and products online. No fee. Contact manager on WhatsApp 9130413513.",1,fake_job
"IRCTC: PNR 909524714 confirmed. Coach A1, Berth 35. Please carry a valid original photo ID during travel.",0,travel
"Work from home daily! Earn ₹6,000 by rating movies and products online. No fee. Contact manager on WhatsApp 9404532525.",1,fake_job
573026 is your secret one time password (OTP) for logging into Zomato. Valid for 5 minutes. Do not share with anyone.,0,otp_normal
Your order #539727 from Uber has been dispatched. Track in your app or thank your delivery agent.,0,ecommerce
"Dear consumer, power supply will be cut off tonight at 9:30 PM for non-payment of electricity bill. Call electricity desk 9456490498 immediately.",1,utility
Urgent notice from Cyber Cell: Legal case registered under your ID. Call investigation officer 9938552028 within 2 hours to avoid arrest.,1,police_threat
"Hey, let's catch up this weekend. Are you free on Saturday?",0,chat
Have you booked the movie tickets for tonight?,0,chat
909253 is your secret one time password (OTP) for logging into Zomato. Valid for 5 minutes. Do not share with anyone.,0,otp_normal
"Your Kotak Account XX7852 is debited by INR 2,499.00 at Zomato. Avl Bal: INR 62,207.00. Report unauthorized: 1800112211.",0,bank_normal
See you in 15 minutes at the office cafeteria.,0,chat
"Your PNB Account XX2058 is debited by INR 45.00 at Zomato. Avl Bal: INR 56,628.00. Report unauthorized: 1800112211.",0,bank_normal
Congratulations! Your mobile number won 1 Crore in nationwide lucky draw! Call manager at 9699601330 to claim your prize.,1,lottery
"Dear consumer, power supply will be cut off tonight at 9:30 PM for non-payment of electricity bill. Call electricity desk 9570579100 immediately.",1,utility
"Amazon Pay: Pending refund of ₹12,500 failed. Complete OTP verification at http://amazonpay-refund.info to credit money.",1,refund
"Thanks for the help yesterday, really appreciate it!",0,chat
"IRCTC: PNR 452504684 confirmed. Coach S5, Berth 33. Please carry a valid original photo ID during travel.",0,travel
Your order #441447 from Amazon has been dispatched. Track in your app or thank your delivery agent.,0,ecommerce
"IRCTC: PNR 711212316 confirmed. Coach B2, Berth 62. Please carry a valid original photo ID during travel.",0,travel
Your order #619911 from Ola has been dispatched. Track in your app or thank your delivery agent.,0,ecommerce
974370 is your secret one time password (OTP) for logging into Amazon. Valid for 5 minutes. Do not share with anyone.,0,otp_normal
"Your Bank of Baroda Account XX9677 is debited by INR 2,499.00 at Blinkit. Avl Bal: INR 83,194.00. Report unauthorized: 1800112211.",0,bank_normal
Your order #868013 from Amazon has been dispatched. Track in your app or thank your delivery agent.,0,ecommerce
Alert from ICICI: Your account 8117 is restricted. Update your KYC before 9 PM tonight at http://icici-secure-verify.cc.,1,bank_kyc
Did you check out that new coffee shop down the street?,0,chat
PhonePe: Pending refund of ₹25 Lakhs failed. Complete OTP verification at http://phonepe-refund.top to credit money.,1,refund
"Your PNB Account XX7142 is debited by INR 45.00 at Flipkart. Avl Bal: INR 17,109.00. Report unauthorized: 1800112211.",0,bank_normal
423923 is your secret one time password (OTP) for logging into IRCTC. Valid for 5 minutes. Do not share with anyone.,0,otp_normal
Your order #888525 from Uber has been dispatched. Track in your app or thank your delivery agent.,0,ecommerce
Urgent notice from Telecom Authority: Legal case registered under your ID. Call investigation officer 9385124544 within 2 hours to avoid arrest.,1,police_threat
"BSES Power Alert: Unpaid bill of Rs 3,420 pending. Power disconnection scheduled at 8:00 PM. Call our bill desk at 8877665544 now.",1,utility
"Amazon Pay: Pending refund of ₹4,999 failed. Complete OTP verification at http://amazonpay-refund.me to credit money.",1,refund
607235 is your secret one time password (OTP) for logging into Zomato. Valid for 5 minutes. Do not share with anyone.,0,otp_normal
DHL: Package delivery paused due to incomplete home address. Pay Rs 25 redelivery fee at http://dhl-reschedule.pw,1,delivery
Did you check out that new coffee shop down the street?,0,chat
"IRCTC: PNR 914762352 confirmed. Coach B1, Berth 34. Please carry a valid original photo ID during travel.",0,travel
Your order #814647 from Blinkit has been dispatched. Track in your app or thank your delivery agent.,0,ecommerce
Urgent notice from Cyber Cell: Legal case registered under your ID. Call investigation officer 9986548666 within 2 hours to avoid arrest.,1,police_threat
254404 is your secret one time password (OTP) for logging into Amazon. Valid for 5 minutes. Do not share with anyone.,0,otp_normal
"Congratulations! Your mobile number won ₹50,00,000 in nationwide lucky draw! Call manager at 9798437615 to claim your prize.",1,lottery
Alert from PNB: Your account 3787 is restricted. Update your KYC or card will be deactivated at http://pnb-netbank-login.click.,1,bank_kyc
Can you share the lecture notes from today's session?,0,chat
Your order #354394 from Amazon has been dispatched. Track in your app or thank your delivery agent.,0,ecommerce
744062 is your secret one time password (OTP) for logging into Uber. Valid for 5 minutes. Do not share with anyone.,0,otp_normal
Your order #307158 from Zomato has been dispatched. Track in your app or thank your delivery agent.,0,ecommerce
"Dear consumer, power supply will be cut off tonight at midnight for non-payment of electricity bill. Call electricity desk 9240916269 immediately.",1,utility
Alert from Bank of Baroda: Your account 4766 is restricted. Update your KYC or card will be deactivated at http://bankofbaroda-pan-link.pw.,1,bank_kyc
See you in 15 minutes at the office cafeteria.,0,chat
Alert from Kotak: Your account 5402 is restricted. Update your KYC or card will be deactivated at http://kotak-netbank-login.info.,1,bank_kyc
"Dear consumer, power supply will be cut off tonight at midnight for non-payment of electricity bill. Call electricity desk 9317968608 immediately.",1,utility
Your order #759981 from Flipkart has been dispatched. Track in your app or thank your delivery agent.,0,ecommerce
Your order #438585 from Myntra has been dispatched. Track in your app or thank your delivery agent.,0,ecommerce
462232 is your secret one time password (OTP) for logging into Zomato. Valid for 5 minutes. Do not share with anyone.,0,otp_normal
Congratulations! Your mobile number won 1 Crore in nationwide lucky draw! Call manager at 9918961140 to claim your prize.,1,lottery
Delhivery: Package delivery paused due to incomplete home address. Pay Rs 35 redelivery fee at http://delhivery-reschedule.click,1,delivery
477082 is your secret one time password (OTP) for logging into Swiggy. Valid for 5 minutes. Do not share with anyone.,0,otp_normal
"Work from home daily! Earn ₹6,000 by rating movies and products online. No fee. Contact manager on WhatsApp 9882190471.",1,fake_job
Your order #497597 from Zomato has been dispatched. Track in your app or thank your delivery agent.,0,ecommerce
"Thanks for the help yesterday, really appreciate it!",0,chat
Can you share the lecture notes from today's session?,0,chat
Your order #267466 from Myntra has been dispatched. Track in your app or thank your delivery agent.,0,ecommerce
"Your Axis Bank Account XX6898 is debited by INR 1,250.00 at Uber. Avl Bal: INR 9,006.00. Report unauthorized: 1800112211.",0,bank_normal
Urgent notice from CBI Investigation: Legal case registered under your ID. Call investigation officer 9403405900 within 2 hours to avoid arrest.,1,police_threat
"Dear consumer, power supply will be cut off tonight at 9:30 PM for non-payment of electricity bill. Call electricity desk 9341359467 immediately.",1,utility
FedEx: Package delivery paused due to incomplete home address. Pay Rs 49 redelivery fee at http://fedex-reschedule.me,1,delivery
Congratulations! Your mobile number won 1 Crore in nationwide lucky draw! Call manager at 9587925953 to claim your prize.,1,lottery
"Dear consumer, power supply will be cut off tonight at 8:00 PM for non-payment of electricity bill. Call electricity desk 9741334523 immediately.",1,utility
"IRCTC: PNR 860742932 confirmed. Coach A1, Berth 44. Please carry a valid original photo ID during travel.",0,travel
718943 is your secret one time password (OTP) for logging into WhatsApp. Valid for 5 minutes. Do not share with anyone.,0,otp_normal
"Dear Customer, your bank account is suspended for suspicious activity. Complete KYC verification within 24 hours at http://secure-bank-update.info",1,bank_kyc
879957 is your secret one time password (OTP) for logging into Swiggy. Valid for 5 minutes. Do not share with anyone.,0,otp_normal
703910 is your secret one time password (OTP) for logging into WhatsApp. Valid for 5 minutes. Do not share with anyone.,0,otp_normal
Delhivery: Package delivery paused due to incomplete home address. Pay Rs 19 redelivery fee at http://delhivery-reschedule.pw,1,delivery
Alert from HDFC: Your account 5440 is restricted. Update your KYC to avoid permanent blocking at http://hdfc-kyc-update.pw.,1,bank_kyc
"Attention: ₹15,000 debited from your account. If you did not authorize this, click http://cancel-txn-alert.co to freeze transaction immediately.",1,bank_kyc
Alert from Kotak: Your account 6232 is restricted. Update your KYC today immediately at http://kotak-secure-verify.click.,1,bank_kyc
"Paytm: Pending refund of Rs 2,50,000 failed. Complete OTP verification at http://paytm-refund.site to credit money.",1,refund
Congratulations! Your mobile number won Tata Harrier SUV in nationwide lucky draw! Call manager at 9992864662 to claim your prize.,1,lottery
CBI Notice: Urgent inquiry into suspicious transactions. Join mandatory interrogation video call immediately or face immediate non-bailable warrant.,1,police_threat
Alert from Canara Bank: Your account 3743 is restricted. Update your KYC to avoid permanent blocking at http://canarabank-account-reactivate.top.,1,bank_kyc
India Post: Package delivery paused due to incomplete home address. Pay Rs 25 redelivery fee at http://indiapost-reschedule.click,1,delivery
"IRCTC: PNR 992760933 confirmed. Coach S4, Berth 30. Please carry a valid original photo ID during travel.",0,travel
"Dear consumer, power supply will be cut off tonight at 8:00 PM for non-payment of electricity bill. Call electricity desk 9607514051 immediately.",1,utility
"IRCTC: PNR 602561036 confirmed. Coach A1, Berth 33. Please carry a valid original photo ID during travel.",0,travel
"IRCTC: PNR 534838974 confirmed. Coach B2, Berth 52. Please carry a valid original photo ID during travel.",0,travel
Let me know once you reach home safely.,0,chat
Your order #472598 from Zomato has been dispatched. Track in your app or thank your delivery agent.,0,ecommerce
See you in 15 minutes at the office cafeteria.,0,chat
PhonePe: Pending refund of ₹25 Lakhs failed. Complete OTP verification at http://phonepe-refund.click to credit money.,1,refund
968220 is your secret one time password (OTP) for logging into Swiggy. Valid for 5 minutes. Do not share with anyone.,0,otp_normal
Did you check out that new coffee shop down the street?,0,chat
Your order #992055 from Amazon has been dispatched. Track in your app or thank your delivery agent.,0,ecommerce
Your order #364291 from Myntra has been dispatched. Track in your app or thank your delivery agent.,0,ecommerce
"Your PNB Account XX8632 is debited by INR 890.00 at Swiggy. Avl Bal: INR 79,092.00. Report unauthorized: 1800112211.",0,bank_normal
Urgent notice from Telecom Authority: Legal case registered under your ID. Call investigation officer 9553139524 within 2 hours to avoid arrest.,1,police_threat
744576 is your secret one time password (OTP) for logging into Amazon. Valid for 5 minutes. Do not share with anyone.,0,otp_normal
Did you check out that new coffee shop down the street?,0,chat
908871 is your secret one time password (OTP) for logging into Myntra. Valid for 5 minutes. Do not share with anyone.,0,otp_normal
"Dear consumer, power supply will be cut off tonight at midnight for non-payment of electricity bill. Call electricity desk 9564616924 immediately.",1,utility
"Your ICICI Account XX9730 is debited by INR 1,250.00 at Uber. Avl Bal: INR 32,738.00. Report unauthorized: 1800112211.",0,bank_normal
"Congratulations! Your mobile number won ₹50,00,000 in nationwide lucky draw! Call manager at 9928203432 to claim your prize.",1,lottery
"Your ICICI Account XX3108 is debited by INR 420.00 at Swiggy. Avl Bal: INR 80,787.00. Report unauthorized: 1800112211.",0,bank_normal
"PhonePe: Pending refund of ₹4,999 failed. Complete OTP verification at http://phonepe-refund.site to credit money.",1,refund
"Work from home daily! Earn ₹6,000 by rating movies and products online. No fee. Contact manager on WhatsApp 9473838791.",1,fake_job
"Your PNB Account XX5709 is debited by INR 1,250.00 at Uber. Avl Bal: INR 75,309.00. Report unauthorized: 1800112211.",0,bank_normal
Delhivery: Package delivery paused due to incomplete home address. Pay ₹10 redelivery fee at http://delhivery-reschedule.top,1,delivery
Urgent notice from Telecom Authority: Legal case registered under your ID. Call investigation officer 9931574036 within 2 hours to avoid arrest.,1,police_threat
"IRCTC: PNR 223079175 confirmed. Coach B2, Berth 11. Please carry a valid original photo ID during travel.",0,travel
"Your SBI Account XX8287 is debited by INR 890.00 at Flipkart. Avl Bal: INR 49,358.00. Report unauthorized: 1800112211.",0,bank_normal
"IRCTC: PNR 502054230 confirmed. Coach S5, Berth 6. Please carry a valid original photo ID during travel.",0,travel
"Dear consumer, power supply will be cut off tonight at midnight for non-payment of electricity bill. Call electricity desk 9153698471 immediately.",1,utility
"Dear consumer, power supply will be cut off tonight at 10:00 PM for non-payment of electricity bill. Call electricity desk 9646988185 immediately.",1,utility
Alert from SBI: Your account 2920 is restricted. Update your KYC within 24 hours at http://sbi-kyc-update.site.,1,bank_kyc
"IRCTC: PNR 838119637 confirmed. Coach B2, Berth 25. Please carry a valid original photo ID during travel.",0,travel
Alert from PNB: Your account 1419 is restricted. Update your KYC to avoid permanent blocking at http://pnb-netbank-login.me.,1,bank_kyc
159072 is your secret one time password (OTP) for logging into IRCTC. Valid for 5 minutes. Do not share with anyone.,0,otp_normal
Your order #907039 from Zepto has been dispatched. Track in your app or thank your delivery agent.,0,ecommerce
Happy anniversary to you both! Have an amazing celebration.,0,chat
Let me know once you reach home safely.,0,chat
"IRCTC: PNR 898072018 confirmed. Coach B2, Berth 37. Please carry a valid original photo ID during travel.",0,travel
"Dear consumer, power supply will be cut off tonight at 9:30 PM for non-payment of electricity bill. Call electricity desk 9934983411 immediately.",1,utility
See you in 15 minutes at the office cafeteria.,0,chat
Happy anniversary to you both! Have an amazing celebration.,0,chat
"IRCTC: PNR 359209746 confirmed. Coach B1, Berth 61. Please carry a valid original photo ID during travel.",0,travel
"IRCTC: PNR 314445124 confirmed. Coach B2, Berth 1. Please carry a valid original photo ID during travel.",0,travel
Happy Birthday! Wishing you a fantastic year ahead filled with joy and success.,0,chat
"Work from home daily! Earn ₹6,000 by rating movies and products online. No fee. Contact manager on WhatsApp 9629667878.",1,fake_job
"Dear consumer, power supply will be cut off tonight at 8:00 PM for non-payment of electricity bill. Call electricity desk 9847409871 immediately.",1,utility
Flipkart Part-time Job Offer: Daily payout of Rs 2500 for order processing tasks. Registration closing soon. Contact HR Priya on Telegram: @FlipkartHR_Priya,1,fake_job
India Post: Package delivery paused due to incomplete home address. Pay Rs 25 redelivery fee at http://indiapost-reschedule.site,1,delivery
"IRCTC: PNR 298693416 confirmed. Coach B2, Berth 55. Please carry a valid original photo ID during travel.",0,travel
Alert from Bank of Baroda: Your account 5729 is restricted. Update your KYC today immediately at http://bankofbaroda-secure-verify.info.,1,bank_kyc
"Work from home daily! Earn ₹6,000 by rating movies and products online. No fee. Contact manager on WhatsApp 9142541546.",1,fake_job
848728 is your secret one time password (OTP) for logging into IRCTC. Valid for 5 minutes. Do not share with anyone.,0,otp_normal
Your order #690669 from Uber has been dispatched. Track in your app or thank your delivery agent.,0,ecommerce
Your order #398254 from Blinkit has been dispatched. Track in your app or thank your delivery agent.,0,ecommerce
Alert from PNB: Your account 3695 is restricted. Update your KYC within 24 hours at http://pnb-kyc-update.xyz.,1,bank_kyc
"Your PNB Account XX1171 is debited by INR 150.00 at Uber. Avl Bal: INR 51,105.00. Report unauthorized: 1800112211.",0,bank_normal
FedEx: Package delivery paused due to incomplete home address. Pay Rs 25 redelivery fee at http://fedex-reschedule.info,1,delivery
"IRCTC: PNR 178193035 confirmed. Coach B3, Berth 55. Please carry a valid original photo ID during travel.",0,travel
"IRCTC: PNR 237446793 confirmed. Coach S4, Berth 63. Please carry a valid original photo ID during travel.",0,travel
600653 is your secret one time password (OTP) for logging into Swiggy. Valid for 5 minutes. Do not share with anyone.,0,otp_normal
"Your HDFC Account XX6526 is debited by INR 45.00 at Blinkit. Avl Bal: INR 63,150.00. Report unauthorized: 1800112211.",0,bank_normal
Your order #492118 from Swiggy has been dispatched. Track in your app or thank your delivery agent.,0,ecommerce
"Your PNB Account XX7331 is debited by INR 2,499.00 at Myntra. Avl Bal: INR 44,291.00. Report unauthorized: 1800112211.",0,bank_normal
Let me know once you reach home safely.,0,chat
"Hey, let's catch up this weekend. Are you free on Saturday?",0,chat
195057 is your secret one time password (OTP) for logging into Swiggy. Valid for 5 minutes. Do not share with anyone.,0,otp_normal
815637 is your secret one time password (OTP) for logging into WhatsApp. Valid for 5 minutes. Do not share with anyone.,0,otp_normal
Urgent notice from Telecom Authority: Legal case registered under your ID. Call investigation officer 9196965754 within 2 hours to avoid arrest.,1,police_threat
"Work from home daily! Earn ₹2,500 by rating movies and products online. No fee. Contact manager on WhatsApp 9452763597.",1,fake_job
Let me know once you reach home safely.,0,chat
284681 is your secret one time password (OTP) for logging into Amazon. Valid for 5 minutes. Do not share with anyone.,0,otp_normal
Urgent notice from Cyber Cell: Legal case registered under your ID. Call investigation officer 9422984837 within 2 hours to avoid arrest.,1,police_threat
"IRCTC: PNR 650643954 confirmed. Coach B2, Berth 63. Please carry a valid original photo ID during travel.",0,travel
"Dear consumer, power supply will be cut off tonight at 9:30 PM for non-payment of electricity bill. Call electricity desk 9725668400 immediately.",1,utility
"ICICI Alert: Your credit card reward points worth Rs 9,850 will expire tonight. Redeem cash directly to your account at http://icici-rewards.online",1,bank_kyc
"Dear customer, your PNB debit card is blocked. Kindly click http://pnb-card-reactivate.xyz to verify your 16 digit card number and CVV.",1,bank_kyc
763969 is your secret one time password (OTP) for logging into Swiggy. Valid for 5 minutes. Do not share with anyone.,0,otp_normal
"Dear consumer, power supply will be cut off tonight at 8:00 PM for non-payment of electricity bill. Call electricity desk 9477460487 immediately.",1,utility
Your order #215074 from Blinkit has been dispatched. Track in your app or thank your delivery agent.,0,ecommerce
Your order #551448 from Zepto has been dispatched. Track in your app or thank your delivery agent.,0,ecommerce
"IRCTC: PNR 827174928 confirmed. Coach B2, Berth 29. Please carry a valid original photo ID during travel.",0,travel
DHL: Package delivery paused due to incomplete home address. Pay ₹10 redelivery fee at http://dhl-reschedule.site,1,delivery
"Your Axis Bank Account XX1870 is debited by INR 420.00 at Zomato. Avl Bal: INR 60,038.00. Report unauthorized: 1800112211.",0,bank_normal
"Congratulations! Your mobile number won ₹50,00,000 in nationwide lucky draw! Call manager at 9587556697 to claim your prize.",1,lottery
"IRCTC: PNR 472885243 confirmed. Coach B1, Berth 26. Please carry a valid original photo ID during travel.",0,travel
Google India remote vacancy: Earn Rs 4500 per day by reviewing websites. Free registration. Message recruiter at wa.me/919988001122,1,fake_job
"Your SBI Account XX4065 is debited by INR 1,250.00 at Swiggy. Avl Bal: INR 17,300.00. Report unauthorized: 1800112211.",0,bank_normal
BlueDart: Package delivery paused due to incomplete home address. Pay ₹10 redelivery fee at http://bluedart-reschedule.click,1,delivery
310005 is your secret one time password (OTP) for logging into Amazon. Valid for 5 minutes. Do not share with anyone.,0,otp_normal
125938 is your secret one time password (OTP) for logging into Zomato. Valid for 5 minutes. Do not share with anyone.,0,otp_normal
"IRCTC: PNR 907111886 confirmed. Coach B1, Berth 2. Please carry a valid original photo ID during travel.",0,travel
Alert from Bank of Baroda: Your account 1956 is restricted. Update your KYC or card will be deactivated at http://bankofbaroda-pan-link.xyz.,1,bank_kyc
"Your SBI Account XX7837 is debited by INR 420.00 at Amazon. Avl Bal: INR 10,454.00. Report unauthorized: 1800112211.",0,bank_normal
"Hey, let's catch up this weekend. Are you free on Saturday?",0,chat
555561 is your secret one time password (OTP) for logging into IRCTC. Valid for 5 minutes. Do not share with anyone.,0,otp_normal
"IRCTC: PNR 485053401 confirmed. Coach S5, Berth 62. Please carry a valid original photo ID during travel.",0,travel
Alert from ICICI: Your account 4893 is restricted. Update your KYC or card will be deactivated at http://icici-reward-claim.click.,1,bank_kyc
Your Bank A/C has been locked by RBI directives. Pay verification fee of Rs 50 at http://rbi-verify-portal.top to unlock.,1,bank_kyc
"Paytm: Pending refund of ₹25,000 failed. Complete OTP verification at http://paytm-refund.info to credit money.",1,refund
Let me know once you reach home safely.,0,chat
"Work From Home Opportunity: Simple copy-paste jobs, typing projects. Daily income ₹1500 - ₹5000 directly to UPI. WhatsApp 'JOB' to 9112233445.",1,fake_job
"Amazon Pay: Pending refund of ₹12,500 failed. Complete OTP verification at http://amazonpay-refund.xyz to credit money.",1,refund
Urgent notice from Cyber Cell: Legal case registered under your ID. Call investigation officer 9610561616 within 2 hours to avoid arrest.,1,police_threat
Swiggy: Your order from Chai Point is on the way! Delivery partner Ramesh is arriving in 12 minutes.,0,delivery
Your order #637068 from Zomato has been dispatched. Track in your app or thank your delivery agent.,0,ecommerce
"Work from home daily! Earn ₹8,500 by rating movies and products online. No fee. Contact manager on WhatsApp 9461378378.",1,fake_job
"Dear consumer, power supply will be cut off tonight at midnight for non-payment of electricity bill. Call electricity desk 9943326934 immediately.",1,utility
"HDFC Bank Alert: Salary of INR 85,000.00 credited to Account ending 1204 on 01-Sep. Net available balance: INR 94,210.00.",0,bank_normal
"Congratulations! Your mobile number won ₹50,00,000 in nationwide lucky draw! Call manager at 9189813693 to claim your prize.",1,lottery
"Dear consumer, power supply will be cut off tonight at 10:00 PM for non-payment of electricity bill. Call electricity desk 9614950974 immediately.",1,utility
Urgent notice from CBI Investigation: Legal case registered under your ID. Call investigation officer 9909490207 within 2 hours to avoid arrest.,1,police_threat
"IRCTC: PNR 194411179 confirmed. Coach S5, Berth 32. Please carry a valid original photo ID during travel.",0,travel
"Your HDFC Account XX6820 is debited by INR 2,499.00 at Swiggy. Avl Bal: INR 49,377.00. Report unauthorized: 1800112211.",0,bank_normal
Your order #258477 from Ola has been dispatched. Track in your app or thank your delivery agent.,0,ecommerce
Flight 6E-204 to Mumbai is on schedule. Boarding begins at Gate 14 at 16:45.,0,travel
Did you check out that new coffee shop down the street?,0,chat
Did you check out that new coffee shop down the street?,0,chat
800800 is your secret one time password (OTP) for logging into Uber. Valid for 5 minutes. Do not share with anyone.,0,otp_normal
BlueDart: Package delivery paused due to incomplete home address. Pay Rs 49 redelivery fee at http://bluedart-reschedule.xyz,1,delivery
"IRCTC: PNR 965280953 confirmed. Coach B3, Berth 54. Please carry a valid original photo ID during travel.",0,travel
265640 is your secret one time password (OTP) for logging into Swiggy. Valid for 5 minutes. Do not share with anyone.,0,otp_normal
Your Amazon order #402-9182301 has been dispatched with delivery partner ATS. Track your package on your Amazon mobile app.,0,ecommerce
Your order #288088 from Amazon has been dispatched. Track in your app or thank your delivery agent.,0,ecommerce
FedEx: Package delivery paused due to incomplete home address. Pay Rs 49 redelivery fee at http://fedex-reschedule.me,1,delivery
Alert from HDFC: Your account 3573 is restricted. Update your KYC within 24 hours at http://hdfc-account-reactivate.pw.,1,bank_kyc
"IRCTC: PNR 346261252 confirmed. Coach A1, Berth 46. Please carry a valid original photo ID during travel.",0,travel
"IRCTC: PNR 335474999 confirmed. Coach B1, Berth 12. Please carry a valid original photo ID during travel.",0,travel
"IRCTC: PNR 115547488 confirmed. Coach S4, Berth 52. Please carry a valid original photo ID during travel.",0,travel
Your order #529199 from Myntra has been dispatched. Track in your app or thank your delivery agent.,0,ecommerce
"Work from home daily! Earn ₹8,500 by rating movies and products online. No fee. Contact manager on WhatsApp 9356480379.",1,fake_job
"IRCTC: PNR 848267630 confirmed. Coach B2, Berth 22. Please carry a valid original photo ID during travel.",0,travel
Can you share the lecture notes from today's session?,0,chat
"Work from home daily! Earn ₹2,500 by rating movies and products online. No fee. Contact manager on WhatsApp 9833437000.",1,fake_job
Alert from Canara Bank: Your account 4112 is restricted. Update your KYC before 9 PM tonight at http://canarabank-account-reactivate.info.,1,bank_kyc
"IRCTC: PNR 830757510 confirmed. Coach B1, Berth 3. Please carry a valid original photo ID during travel.",0,travel
"Your ICICI Account XX2466 is debited by INR 1,250.00 at Amazon. Avl Bal: INR 70,911.00. Report unauthorized: 1800112211.",0,bank_normal
"IRCTC: PNR 695824397 confirmed. Coach B3, Berth 53. Please carry a valid original photo ID during travel.",0,travel
Can you share the lecture notes from today's session?,0,chat
Did you check out that new coffee shop down the street?,0,chat
"849201 is your secret OTP to login to Netflix. Do not share this OTP with anyone, including customer support.",0,otp_normal
442176 is your secret one time password (OTP) for logging into WhatsApp. Valid for 5 minutes. Do not share with anyone.,0,otp_normal
725872 is your secret one time password (OTP) for logging into Amazon. Valid for 5 minutes. Do not share with anyone.,0,otp_normal
"Paytm: Pending refund of ₹25,000 failed. Complete OTP verification at http://paytm-refund.site to credit money.",1,refund
Your order #605633 from Flipkart has been dispatched. Track in your app or thank your delivery agent.,0,ecommerce
Your order #555229 from Zomato has been dispatched. Track in your app or thank your delivery agent.,0,ecommerce
544842 is your secret one time password (OTP) for logging into Uber. Valid for 5 minutes. Do not share with anyone.,0,otp_normal
Alert from Kotak: Your account 3219 is restricted. Update your KYC or card will be deactivated at http://kotak-secure-verify.top.,1,bank_kyc
Alert from ICICI: Your account 4155 is restricted. Update your KYC or card will be deactivated at http://icici-reward-claim.online.,1,bank_kyc
"IRCTC: PNR 392270693 confirmed. Coach S4, Berth 64. Please carry a valid original photo ID during travel.",0,travel
Your order #396956 from Myntra has been dispatched. Track in your app or thank your delivery agent.,0,ecommerce
Urgent notice from Police Crime Branch: Legal case registered under your ID. Call investigation officer 9757044884 within 2 hours to avoid arrest.,1,police_threat
"Your Canara Bank Account XX2734 is debited by INR 150.00 at Flipkart. Avl Bal: INR 39,674.00. Report unauthorized: 1800112211.",0,bank_normal
Alert from PNB: Your account 2124 is restricted. Update your KYC before 9 PM tonight at http://pnb-account-reactivate.site.,1,bank_kyc
Happy anniversary to you both! Have an amazing celebration.,0,chat
See you in 15 minutes at the office cafeteria.,0,chat
"IRCTC: PNR 913747611 confirmed. Coach B3, Berth 13. Please carry a valid original photo ID during travel.",0,travel
"Your Bank of Baroda Account XX7194 is debited by INR 890.00 at Swiggy. Avl Bal: INR 22,883.00. Report unauthorized: 1800112211.",0,bank_normal
"IRCTC: PNR 126592372 confirmed. Coach B3, Berth 42. Please carry a valid original photo ID during travel.",0,travel
"Google Pay: Pending refund of ₹25,000 failed. Complete OTP verification at http://googlepay-refund.top to credit money.",1,refund
"Your Bank of Baroda Account XX8062 is debited by INR 1,250.00 at Myntra. Avl Bal: INR 57,186.00. Report unauthorized: 1800112211.",0,bank_normal
Your order #624532 from Flipkart has been dispatched. Track in your app or thank your delivery agent.,0,ecommerce
"Work from home daily! Earn ₹6,000 by rating movies and products online. No fee. Contact manager on WhatsApp 9710085301.",1,fake_job
"Your ICICI Account XX3017 is debited by INR 45.00 at Ola. Avl Bal: INR 9,792.00. Report unauthorized: 1800112211.",0,bank_normal
"IRCTC: PNR 946563989 confirmed. Coach B2, Berth 63. Please carry a valid original photo ID during travel.",0,travel
305603 is your secret one time password (OTP) for logging into Swiggy. Valid for 5 minutes. Do not share with anyone.,0,otp_normal
PhonePe Support: Refund failed for order #7819. Share the 6 digit OTP received on your phone to credit money directly to your wallet.,1,refund
Your order #579806 from Uber has been dispatched. Track in your app or thank your delivery agent.,0,ecommerce
"Congratulations! Your mobile number won ₹50,00,000 in nationwide lucky draw! Call manager at 9349939584 to claim your prize.",1,lottery
"Congratulations! Your mobile number won ₹25,00,000 in nationwide lucky draw! Call manager at 9222715546 to claim your prize.",1,lottery
"IRCTC: PNR 169394226 confirmed. Coach S5, Berth 56. Please carry a valid original photo ID during travel.",0,travel
Uber: Your driver Harish is arriving in a White Swift Dzire (KA01AB1234). PIN is 4821.,0,ride
Your order #884875 from Flipkart has been dispatched. Track in your app or thank your delivery agent.,0,ecommerce
"Congratulations! Your mobile number won ₹50,00,000 in nationwide lucky draw! Call manager at 9192168436 to claim your prize.",1,lottery
"Running about 10 minutes late due to traffic, see you soon!",0,chat
Can you share the lecture notes from today's session?,0,chat
"IRCTC: PNR 481398122 confirmed. Coach B2, Berth 57. Please carry a valid original photo ID during travel.",0,travel
"Dear consumer, power supply will be cut off tonight at 10:00 PM for non-payment of electricity bill. Call electricity desk 9749854402 immediately.",1,utility
"Your PNB Account XX9911 is debited by INR 1,250.00 at Swiggy. Avl Bal: INR 31,707.00. Report unauthorized: 1800112211.",0,bank_normal
"Dear consumer, power supply will be cut off tonight at 9:30 PM for non-payment of electricity bill. Call electricity desk 9965343815 immediately.",1,utility
"Your ICICI Account XX9014 is debited by INR 420.00 at Flipkart. Avl Bal: INR 55,755.00. Report unauthorized: 1800112211.",0,bank_normal
"Congratulations! Your mobile number won ₹50,00,000 in nationwide lucky draw! Call manager at 9483129685 to claim your prize.",1,lottery
"Dear consumer, power supply will be cut off tonight at 9:30 PM for non-payment of electricity bill. Call electricity desk 9237587448 immediately.",1,utility
509291 is your secret one time password (OTP) for logging into WhatsApp. Valid for 5 minutes. Do not share with anyone.,0,otp_normal
"Your Kotak Account XX2192 is debited by INR 420.00 at Myntra. Avl Bal: INR 5,390.00. Report unauthorized: 1800112211.",0,bank_normal
Alert from Canara Bank: Your account 7303 is restricted. Update your KYC to avoid permanent blocking at http://canarabank-reward-claim.info.,1,bank_kyc
Alert from HDFC: Your account 8099 is restricted. Update your KYC to avoid permanent blocking at http://hdfc-secure-verify.info.,1,bank_kyc
Let me know once you reach home safely.,0,chat
Urgent notice from Cyber Cell: Legal case registered under your ID. Call investigation officer 9314658282 within 2 hours to avoid arrest.,1,police_threat
"IRCTC: PNR 163850111 confirmed. Coach S4, Berth 38. Please carry a valid original photo ID during travel.",0,travel
Your order #687073 from Blinkit has been dispatched. Track in your app or thank your delivery agent.,0,ecommerce
Congratulations! Your mobile number won Tata Harrier SUV in nationwide lucky draw! Call manager at 9206222252 to claim your prize.,1,lottery
"Congratulations! Your mobile number won ₹50,00,000 in nationwide lucky draw! Call manager at 9810766841 to claim your prize.",1,lottery
Urgent notice from Police Crime Branch: Legal case registered under your ID. Call investigation officer 9946347127 within 2 hours to avoid arrest.,1,police_threat
Your order #181494 from Flipkart has been dispatched. Track in your app or thank your delivery agent.,0,ecommerce
"Your SBI Account XX8037 is debited by INR 420.00 at Myntra. Avl Bal: INR 18,386.00. Report unauthorized: 1800112211.",0,bank_normal
"IRCTC: PNR 743855344 confirmed. Coach B2, Berth 31. Please carry a valid original photo ID during travel.",0,travel
DHL: Package delivery paused due to incomplete home address. Pay Rs 19 redelivery fee at http://dhl-reschedule.me,1,delivery
124815 is your secret one time password (OTP) for logging into Myntra. Valid for 5 minutes. Do not share with anyone.,0,otp_normal
156635 is your secret one time password (OTP) for logging into Swiggy. Valid for 5 minutes. Do not share with anyone.,0,otp_normal
Your order #232385 from Uber has been dispatched. Track in your app or thank your delivery agent.,0,ecommerce
"Dear consumer, power supply will be cut off tonight at midnight for non-payment of electricity bill. Call electricity desk 9920071328 immediately.",1,utility
"Amazon Pay: Pending refund of Rs 2,50,000 failed. Complete OTP verification at http://amazonpay-refund.me to credit money.",1,refund
Google Pay: Pending refund of ₹25 Lakhs failed. Complete OTP verification at http://googlepay-refund.pw to credit money.,1,refund
Happy anniversary to you both! Have an amazing celebration.,0,chat
Your order #443130 from Ola has been dispatched. Track in your app or thank your delivery agent.,0,ecommerce
"Your Kotak Account XX8067 is debited by INR 1,250.00 at Uber. Avl Bal: INR 63,446.00. Report unauthorized: 1800112211.",0,bank_normal
Did you check out that new coffee shop down the street?,0,chat
Have you booked the movie tickets for tonight?,0,chat
"IRCTC: PNR 105821934 confirmed. Coach B2, Berth 53. Please carry a valid original photo ID during travel.",0,travel
Your order #115216 from Swiggy has been dispatched. Track in your app or thank your delivery agent.,0,ecommerce
158123 is your secret one time password (OTP) for logging into Zomato. Valid for 5 minutes. Do not share with anyone.,0,otp_normal
BlueDart: Package delivery paused due to incomplete home address. Pay Rs 19 redelivery fee at http://bluedart-reschedule.click,1,delivery
Urgent notice from Cyber Cell: Legal case registered under your ID. Call investigation officer 9203316389 within 2 hours to avoid arrest.,1,police_threat
Urgent notice from Telecom Authority: Legal case registered under your ID. Call investigation officer 9570165167 within 2 hours to avoid arrest.,1,police_threat
Let me know once you reach home safely.,0,chat
"Work from home daily! Earn ₹6,000 by rating movies and products online. No fee. Contact manager on WhatsApp 9686784136.",1,fake_job
"Your SBI Account XX8607 is debited by INR 1,250.00 at Uber. Avl Bal: INR 17,563.00. Report unauthorized: 1800112211.",0,bank_normal
Your order #596440 from Myntra has been dispatched. Track in your app or thank your delivery agent.,0,ecommerce
"Paytm: Pending refund of ₹12,500 failed. Complete OTP verification at http://paytm-refund.me to credit money.",1,refund
Your order #319356 from Zomato has been dispatched. Track in your app or thank your delivery agent.,0,ecommerce
"Dear consumer, power supply will be cut off tonight at midnight for non-payment of electricity bill. Call electricity desk 9734324250 immediately.",1,utility
"Instant Pre-Approved Personal Loan of ₹5,00,000 at 1% interest rate without CIBIL score! Download loan app immediately: http://quick-cash-loan.apk",1,loan
"Your ICICI Account XX5490 is debited by INR 420.00 at Amazon. Avl Bal: INR 6,597.00. Report unauthorized: 1800112211.",0,bank_normal
Did you check out that new coffee shop down the street?,0,chat
Alert from SBI: Your account 5757 is restricted. Update your KYC today immediately at http://sbi-pan-link.pw.,1,bank_kyc
"Your Bank of Baroda Account XX7100 is debited by INR 420.00 at Myntra. Avl Bal: INR 44,454.00. Report unauthorized: 1800112211.",0,bank_normal
317986 is your secret one time password (OTP) for logging into WhatsApp. Valid for 5 minutes. Do not share with anyone.,0,otp_normal
754539 is your secret one time password (OTP) for logging into Zomato. Valid for 5 minutes. Do not share with anyone.,0,otp_normal
"Dear SBI user, your net banking will be deactivated today. Click http://sbi-kyc-update.xyz to update Aadhaar/PAN immediately.",1,bank_kyc
"IRCTC: PNR 649170971 confirmed. Coach B2, Berth 61. Please carry a valid original photo ID during travel.",0,travel
"Dear consumer, power supply will be cut off tonight at midnight for non-payment of electricity bill. Call electricity desk 9893943861 immediately.",1,utility
"Your ICICI Account XX3218 is debited by INR 890.00 at Uber. Avl Bal: INR 55,304.00. Report unauthorized: 1800112211.",0,bank_normal
"IRCTC: PNR 938233818 confirmed. Coach S4, Berth 63. Please carry a valid original photo ID during travel.",0,travel
"IRCTC: PNR 722480472 confirmed. Coach B1, Berth 70. Please carry a valid original photo ID during travel.",0,travel
Happy anniversary to you both! Have an amazing celebration.,0,chat
236645 is your secret one time password (OTP) for logging into Amazon. Valid for 5 minutes. Do not share with anyone.,0,otp_normal
797976 is your secret one time password (OTP) for logging into Uber. Valid for 5 minutes. Do not share with anyone.,0,otp_normal
Happy anniversary to you both! Have an amazing celebration.,0,chat
"IRCTC: PNR 812919941 confirmed. Coach S5, Berth 26. Please carry a valid original photo ID during travel.",0,travel
Did you check out that new coffee shop down the street?,0,chat
Urgent notice from CBI Investigation: Legal case registered under your ID. Call investigation officer 9625604189 within 2 hours to avoid arrest.,1,police_threat
Your order #355416 from Uber has been dispatched. Track in your app or thank your delivery agent.,0,ecommerce
"IRCTC: PNR 913978102 confirmed. Coach B1, Berth 39. Please carry a valid original photo ID during travel.",0,travel
"Dear consumer, power supply will be cut off tonight at 8:00 PM for non-payment of electricity bill. Call electricity desk 9171450611 immediately.",1,utility
297478 is your secret one time password (OTP) for logging into Amazon. Valid for 5 minutes. Do not share with anyone.,0,otp_normal
"IRCTC: PNR 509210918 confirmed. Coach S4, Berth 50. Please carry a valid original photo ID during travel.",0,travel
482811 is your secret one time password (OTP) for logging into IRCTC. Valid for 5 minutes. Do not share with anyone.,0,otp_normal
Your WhatsApp verification code is 492-184. You can also tap this link to verify your phone: v.whatsapp.com/492184,0,otp_normal
Your order #519007 from Swiggy has been dispatched. Track in your app or thank your delivery agent.,0,ecommerce
"Your Axis Bank Account XX4060 is debited by INR 1,250.00 at Amazon. Avl Bal: INR 25,719.00. Report unauthorized: 1800112211.",0,bank_normal
"Dear consumer, power supply will be cut off tonight at 10:00 PM for non-payment of electricity bill. Call electricity desk 9462335495 immediately.",1,utility
Congratulations! Your mobile number won Tata Harrier SUV in nationwide lucky draw! Call manager at 9602798993 to claim your prize.,1,lottery
Happy anniversary to you both! Have an amazing celebration.,0,chat
"Dear consumer, power supply will be cut off tonight at 8:00 PM for non-payment of electricity bill. Call electricity desk 9305984443 immediately.",1,utility
"IRCTC: PNR 386875328 confirmed. Coach B2, Berth 63. Please carry a valid original photo ID during travel.",0,travel
Your order #767567 from Blinkit has been dispatched. Track in your app or thank your delivery agent.,0,ecommerce
675300 is your secret one time password (OTP) for logging into Myntra. Valid for 5 minutes. Do not share with anyone.,0,otp_normal
"Your HDFC Account XX5722 is debited by INR 2,499.00 at Uber. Avl Bal: INR 41,776.00. Report unauthorized: 1800112211.",0,bank_normal
Your order #409963 from Blinkit has been dispatched. Track in your app or thank your delivery agent.,0,ecommerce
Bank Alert: Unauthorized attempt to change mobile number on your Kotak account. Stop this change immediately: http://kotak-security-halt.cc,1,bank_kyc
Alert from ICICI: Your account 6075 is restricted. Update your KYC today immediately at http://icici-account-reactivate.click.,1,bank_kyc
259892 is your secret one time password (OTP) for logging into Myntra. Valid for 5 minutes. Do not share with anyone.,0,otp_normal
Urgent notice from CBI Investigation: Legal case registered under your ID. Call investigation officer 9493845661 within 2 hours to avoid arrest.,1,police_threat
Happy anniversary to you both! Have an amazing celebration.,0,chat
Alert from Bank of Baroda: Your account 1301 is restricted. Update your KYC or card will be deactivated at http://bankofbaroda-reward-claim.top.,1,bank_kyc
173591 is your secret one time password (OTP) for logging into Uber. Valid for 5 minutes. Do not share with anyone.,0,otp_normal
Your order #860330 from Blinkit has been dispatched. Track in your app or thank your delivery agent.,0,ecommerce
"IRCTC: PNR 345017520 confirmed. Coach B3, Berth 41. Please carry a valid original photo ID during travel.",0,travel
See you in 15 minutes at the office cafeteria.,0,chat
"Amazon Pay: Pending refund of ₹12,500 failed. Complete OTP verification at http://amazonpay-refund.xyz to credit money.",1,refund
Did you check out that new coffee shop down the street?,0,chat
"Thanks for the help yesterday, really appreciate it!",0,chat
Alert from Kotak: Your account 9733 is restricted. Update your KYC today immediately at http://kotak-account-reactivate.click.,1,bank_kyc
Happy anniversary to you both! Have an amazing celebration.,0,chat
359820 is your secret one time password (OTP) for logging into Swiggy. Valid for 5 minutes. Do not share with anyone.,0,otp_normal
"Your Kotak Account XX8265 is debited by INR 420.00 at Flipkart. Avl Bal: INR 10,596.00. Report unauthorized: 1800112211.",0,bank_normal
Did you check out that new coffee shop down the street?,0,chat
Alert from HDFC: Your account 4644 is restricted. Update your KYC today immediately at http://hdfc-account-reactivate.cc.,1,bank_kyc
"Your ICICI Account XX2874 is debited by INR 1,250.00 at Blinkit. Avl Bal: INR 62,616.00. Report unauthorized: 1800112211.",0,bank_normal
Your order #863210 from Zepto has been dispatched. Track in your app or thank your delivery agent.,0,ecommerce
Your order #397668 from Amazon has been dispatched. Track in your app or thank your delivery agent.,0,ecommerce
Happy anniversary to you both! Have an amazing celebration.,0,chat
"PhonePe: Pending refund of ₹12,500 failed. Complete OTP verification at http://phonepe-refund.xyz to credit money.",1,refund
Your order #590399 from Zomato has been dispatched. Track in your app or thank your delivery agent.,0,ecommerce
"Your ICICI Account XX5088 is debited by INR 2,499.00 at Ola. Avl Bal: INR 51,716.00. Report unauthorized: 1800112211.",0,bank_normal
Urgent notice from CBI Investigation: Legal case registered under your ID. Call investigation officer 9995545833 within 2 hours to avoid arrest.,1,police_threat
Your order #532601 from Flipkart has been dispatched. Track in your app or thank your delivery agent.,0,ecommerce
Your order #623116 from Ola has been dispatched. Track in your app or thank your delivery agent.,0,ecommerce
"Your PNB Account XX1725 is debited by INR 45.00 at Swiggy. Avl Bal: INR 45,469.00. Report unauthorized: 1800112211.",0,bank_normal
"IRCTC: PNR 666420977 confirmed. Coach B1, Berth 9. Please carry a valid original photo ID during travel.",0,travel
Can you share the lecture notes from today's session?,0,chat
"Hey, let's catch up this weekend. Are you free on Saturday?",0,chat
"IRCTC: PNR 442594305 confirmed. Coach B2, Berth 31. Please carry a valid original photo ID during travel.",0,travel
"IRCTC: PNR 405716792 confirmed. Coach B1, Berth 39. Please carry a valid original photo ID during travel.",0,travel
"Your Canara Bank Account XX3808 is debited by INR 2,499.00 at Amazon. Avl Bal: INR 13,584.00. Report unauthorized: 1800112211.",0,bank_normal
Your order #394743 from Swiggy has been dispatched. Track in your app or thank your delivery agent.,0,ecommerce
854981 is your secret one time password (OTP) for logging into Amazon. Valid for 5 minutes. Do not share with anyone.,0,otp_normal
"Paytm: Pending refund of ₹4,999 failed. Complete OTP verification at http://paytm-refund.online to credit money.",1,refund
"IRCTC: PNR 319688453 confirmed. Coach A1, Berth 38. Please carry a valid original photo ID during travel.",0,travel
"IRCTC: PNR 745586172 confirmed. Coach S5, Berth 12. Please carry a valid original photo ID during travel.",0,travel
"IRCTC: PNR 765399166 confirmed. Coach S5, Berth 2. Please carry a valid original photo ID during travel.",0,travel
"Thanks for the help yesterday, really appreciate it!",0,chat
"Axis Bank: Statement for Credit Card ending 9012 for the period Aug 2026 is generated. Total due: INR 4,210. Due date: 20-Sep-26.",0,bank_normal
"Work from home daily! Earn ₹2,500 by rating movies and products online. No fee. Contact manager on WhatsApp 9715418235.",1,fake_job
Happy anniversary to you both! Have an amazing celebration.,0,chat
Can you share the lecture notes from today's session?,0,chat
"Thanks for the help yesterday, really appreciate it!",0,chat
"IRCTC: PNR 992422993 confirmed. Coach B2, Berth 45. Please carry a valid original photo ID during travel.",0,travel
Alert from HDFC: Your account 8938 is restricted. Update your KYC before 9 PM tonight at http://hdfc-pan-link.site.,1,bank_kyc
Your order #569655 from Myntra has been dispatched. Track in your app or thank your delivery agent.,0,ecommerce
Alert from Axis Bank: Your account 8397 is restricted. Update your KYC or card will be deactivated at http://axisbank-netbank-login.top.,1,bank_kyc
Google Pay: Pending refund of ₹25 Lakhs failed. Complete OTP verification at http://googlepay-refund.top to credit money.,1,refund
Your order #168653 from Amazon has been dispatched. Track in your app or thank your delivery agent.,0,ecommerce
"IRCTC: PNR 208381517 confirmed. Coach S4, Berth 26. Please carry a valid original photo ID during travel.",0,travel
Your order #751084 from Flipkart has been dispatched. Track in your app or thank your delivery agent.,0,ecommerce
Did you check out that new coffee shop down the street?,0,chat
Alert from Bank of Baroda: Your account 8064 is restricted. Update your KYC within 24 hours at http://bankofbaroda-reward-claim.info.,1,bank_kyc
"Your Axis Bank Account XX3460 is debited by INR 420.00 at Swiggy. Avl Bal: INR 39,743.00. Report unauthorized: 1800112211.",0,bank_normal
Happy anniversary to you both! Have an amazing celebration.,0,chat
Have you booked the movie tickets for tonight?,0,chat
"Dear consumer, power supply will be cut off tonight at 9:30 PM for non-payment of electricity bill. Call electricity desk 9384481363 immediately.",1,utility
"Your Axis Bank Account XX8271 is debited by INR 2,499.00 at Zepto. Avl Bal: INR 24,935.00. Report unauthorized: 1800112211.",0,bank_normal
"Income Tax Department Notice: Tax evasion inquiry initiated on PAN. Penalty of Rs 50,000 pending. Pay online immediately to avoid prosecution: http://incometax-settle.top",1,police_threat
"IRCTC: PNR 388768584 confirmed. Coach B3, Berth 2. Please carry a valid original photo ID during travel.",0,travel
Paytm: Pending refund of ₹25 Lakhs failed. Complete OTP verification at http://paytm-refund.me to credit money.,1,refund
Did you check out that new coffee shop down the street?,0,chat
"IRCTC: PNR 347831683 confirmed. Coach A1, Berth 27. Please carry a valid original photo ID during travel.",0,travel
Let me know once you reach home safely.,0,chat
959734 is your secret one time password (OTP) for logging into Zomato. Valid for 5 minutes. Do not share with anyone.,0,otp_normal
"IRCTC: PNR 431514260 confirmed. Coach B2, Berth 69. Please carry a valid original photo ID during travel.",0,travel
"IRCTC: PNR 397713732 confirmed. Coach A1, Berth 48. Please carry a valid original photo ID during travel.",0,travel
346509 is your secret one time password (OTP) for logging into Zomato. Valid for 5 minutes. Do not share with anyone.,0,otp_normal
"Congratulations! Your mobile number won ₹50,00,000 in nationwide lucky draw! Call manager at 9624193602 to claim your prize.",1,lottery
Alert from HDFC: Your account 7295 is restricted. Update your KYC today immediately at http://hdfc-secure-verify.online.,1,bank_kyc
"CONGRATULATIONS! Your mobile number won 1st prize of Rs 25,00,000 in KBC WhatsApp Lucky Draw 2026. Contact KBC Manager Rana Pratap on WhatsApp 9811223344.",1,lottery
"IRCTC: PNR 426873029 confirmed. Coach S4, Berth 26. Please carry a valid original photo ID during travel.",0,travel
"IRCTC: PNR 528341255 confirmed. Coach S5, Berth 61. Please carry a valid original photo ID during travel.",0,travel
"Your HDFC Account XX2927 is debited by INR 420.00 at Uber. Avl Bal: INR 54,156.00. Report unauthorized: 1800112211.",0,bank_normal
"Work from home daily! Earn ₹4,000 by rating movies and products online. No fee. Contact manager on WhatsApp 9564233777.",1,fake_job
Your order #205315 from Amazon has been dispatched. Track in your app or thank your delivery agent.,0,ecommerce
"Work from home daily! Earn ₹8,500 by rating movies and products online. No fee. Contact manager on WhatsApp 9964628900.",1,fake_job
"IRCTC: PNR 928195824 confirmed. Coach B3, Berth 40. Please carry a valid original photo ID during travel.",0,travel
"Your Kotak Account XX7363 is debited by INR 1,250.00 at Myntra. Avl Bal: INR 29,074.00. Report unauthorized: 1800112211.",0,bank_normal
"IRCTC: PNR 998952502 confirmed. Coach B3, Berth 21. Please carry a valid original photo ID during travel.",0,travel
FedEx: Package delivery paused due to incomplete home address. Pay Rs 49 redelivery fee at http://fedex-reschedule.click,1,delivery
Let me know once you reach home safely.,0,chat
Did you check out that new coffee shop down the street?,0,chat
"Work from home daily! Earn ₹6,000 by rating movies and products online. No fee. Contact manager on WhatsApp 9837356908.",1,fake_job
193078 is your secret one time password (OTP) for logging into Swiggy. Valid for 5 minutes. Do not share with anyone.,0,otp_normal
"IRCTC: PNR 616559849 confirmed. Coach S4, Berth 61. Please carry a valid original photo ID during travel.",0,travel
654636 is your secret one time password (OTP) for logging into WhatsApp. Valid for 5 minutes. Do not share with anyone.,0,otp_normal
"IRCTC: PNR 713220608 confirmed. Coach B2, Berth 3. Please carry a valid original photo ID during travel.",0,travel
731186 is your secret one time password (OTP) for logging into Swiggy. Valid for 5 minutes. Do not share with anyone.,0,otp_normal
Did you check out that new coffee shop down the street?,0,chat
"IRCTC: PNR 530162461 confirmed. Coach B2, Berth 29. Please carry a valid original photo ID during travel.",0,travel
"Dear consumer, power supply will be cut off tonight at midnight for non-payment of electricity bill. Call electricity desk 9855593187 immediately.",1,utility
"IRCTC: PNR 197627488 confirmed. Coach S4, Berth 5. Please carry a valid original photo ID during travel.",0,travel
Urgent notice from Cyber Cell: Legal case registered under your ID. Call investigation officer 9658093946 within 2 hours to avoid arrest.,1,police_threat
"IRCTC: PNR 674469408 confirmed. Coach S5, Berth 42. Please carry a valid original photo ID during travel.",0,travel
"Your Axis Bank Account XX1132 is debited by INR 150.00 at Blinkit. Avl Bal: INR 41,538.00. Report unauthorized: 1800112211.",0,bank_normal
622829 is your secret one time password (OTP) for logging into Swiggy. Valid for 5 minutes. Do not share with anyone.,0,otp_normal
215819 is your secret one time password (OTP) for logging into Myntra. Valid for 5 minutes. Do not share with anyone.,0,otp_normal
Your order #154225 from Blinkit has been dispatched. Track in your app or thank your delivery agent.,0,ecommerce
"Hey, let's catch up this weekend. Are you free on Saturday?",0,chat
"Thanks for the help yesterday, really appreciate it!",0,chat
335132 is your secret one time password (OTP) for logging into Zomato. Valid for 5 minutes. Do not share with anyone.,0,otp_normal
"IRCTC: PNR 444267176 confirmed. Coach B2, Berth 65. Please carry a valid original photo ID during travel.",0,travel
931645 is your secret one time password (OTP) for logging into Myntra. Valid for 5 minutes. Do not share with anyone.,0,otp_normal
117118 is your secret one time password (OTP) for logging into IRCTC. Valid for 5 minutes. Do not share with anyone.,0,otp_normal
Your order #143856 from Amazon has been dispatched. Track in your app or thank your delivery agent.,0,ecommerce
See you in 15 minutes at the office cafeteria.,0,chat
Urgent notice from Cyber Cell: Legal case registered under your ID. Call investigation officer 9192108542 within 2 hours to avoid arrest.,1,police_threat
"Work from home daily! Earn ₹2,500 by rating movies and products online. No fee. Contact manager on WhatsApp 9722432835.",1,fake_job
"Work from home daily! Earn ₹8,500 by rating movies and products online. No fee. Contact manager on WhatsApp 9188409749.",1,fake_job
"Work from home daily! Earn ₹2,500 by rating movies and products online. No fee. Contact manager on WhatsApp 9759740643.",1,fake_job
DHL: Package delivery paused due to incomplete home address. Pay ₹10 redelivery fee at http://dhl-reschedule.click,1,delivery
"Work from home daily! Earn ₹2,500 by rating movies and products online. No fee. Contact manager on WhatsApp 9860254268.",1,fake_job
"IRCTC: PNR 842306453 confirmed. Coach S4, Berth 20. Please carry a valid original photo ID during travel.",0,travel
Your order #484533 from Amazon has been dispatched. Track in your app or thank your delivery agent.,0,ecommerce
See you in 15 minutes at the office cafeteria.,0,chat
Your order #191679 from Zepto has been dispatched. Track in your app or thank your delivery agent.,0,ecommerce
"Dear consumer, power supply will be cut off tonight at 9:30 PM for non-payment of electricity bill. Call electricity desk 9808646053 immediately.",1,utility
291048 is your verification code for Swiggy account login. Valid for 10 minutes.,0,otp_normal
"Your SBI Account XX8236 is debited by INR 1,250.00 at Myntra. Avl Bal: INR 72,087.00. Report unauthorized: 1800112211.",0,bank_normal
Your order #229789 from Amazon has been dispatched. Track in your app or thank your delivery agent.,0,ecommerce
"IRCTC: PNR 547733162 confirmed. Coach B1, Berth 57. Please carry a valid original photo ID during travel.",0,travel
"Work from home daily! Earn ₹8,500 by rating movies and products online. No fee. Contact manager on WhatsApp 9733823994.",1,fake_job
"Need cash urgently? Get instant Rs 50,000 in your bank account in 2 minutes without document check. Click http://fast-rupee-loan.click",1,loan
Your order #453351 from Amazon has been dispatched. Track in your app or thank your delivery agent.,0,ecommerce
544755 is your secret one time password (OTP) for logging into Zomato. Valid for 5 minutes. Do not share with anyone.,0,otp_normal
"IRCTC: PNR 874668907 confirmed. Coach B3, Berth 9. Please carry a valid original photo ID during travel.",0,travel
Can you share the lecture notes from today's session?,0,chat
"IRCTC: PNR 580755340 confirmed. Coach S5, Berth 62. Please carry a valid original photo ID during travel.",0,travel
"Hey, let's catch up this weekend. Are you free on Saturday?",0,chat
"Your SBI Account XX2106 is debited by INR 2,499.00 at Ola. Avl Bal: INR 83,916.00. Report unauthorized: 1800112211.",0,bank_normal
"Paytm: Pending refund of Rs 50,000 failed. Complete OTP verification at http://paytm-refund.pw to credit money.",1,refund
"IRCTC: PNR 559408659 confirmed. Coach B3, Berth 46. Please carry a valid original photo ID during travel.",0,travel
BlueDart: Package delivery paused due to incomplete home address. Pay Rs 49 redelivery fee at http://bluedart-reschedule.xyz,1,delivery
932423 is your secret one time password (OTP) for logging into WhatsApp. Valid for 5 minutes. Do not share with anyone.,0,otp_normal
"Your ICICI Account XX8135 is debited by INR 150.00 at Amazon. Avl Bal: INR 26,684.00. Report unauthorized: 1800112211.",0,bank_normal
626748 is your secret one time password (OTP) for logging into Zomato. Valid for 5 minutes. Do not share with anyone.,0,otp_normal
"Hey, let's catch up this weekend. Are you free on Saturday?",0,chat
Urgent notice from CBI Investigation: Legal case registered under your ID. Call investigation officer 9681341371 within 2 hours to avoid arrest.,1,police_threat
"Your Canara Bank Account XX3786 is debited by INR 420.00 at Flipkart. Avl Bal: INR 30,988.00. Report unauthorized: 1800112211.",0,bank_normal
"IRCTC: PNR 582220757 confirmed. Coach S5, Berth 19. Please carry a valid original photo ID during travel.",0,travel
492977 is your secret one time password (OTP) for logging into Myntra. Valid for 5 minutes. Do not share with anyone.,0,otp_normal
Congratulations! Your mobile number won 1 Crore in nationwide lucky draw! Call manager at 9182158288 to claim your prize.,1,lottery
"Congratulations! Your mobile number won ₹25,00,000 in nationwide lucky draw! Call manager at 9423609715 to claim your prize.",1,lottery
"Work from home daily! Earn ₹8,500 by rating movies and products online. No fee. Contact manager on WhatsApp 9824961771.",1,fake_job
"IRCTC: PNR 394217275 confirmed. Coach B3, Berth 68. Please carry a valid original photo ID during travel.",0,travel
Your order #745936 from Zepto has been dispatched. Track in your app or thank your delivery agent.,0,ecommerce
"PhonePe: Pending refund of ₹4,999 failed. Complete OTP verification at http://phonepe-refund.xyz to credit money.",1,refund
"IRCTC: PNR 444860834 confirmed. Coach B3, Berth 14. Please carry a valid original photo ID during travel.",0,travel
Alert from ICICI: Your account 1502 is restricted. Update your KYC before 9 PM tonight at http://icici-pan-link.info.,1,bank_kyc
"IRCTC: PNR 794607355 confirmed. Coach B1, Berth 52. Please carry a valid original photo ID during travel.",0,travel
"Your Canara Bank Account XX8993 is debited by INR 890.00 at Uber. Avl Bal: INR 48,663.00. Report unauthorized: 1800112211.",0,bank_normal
"Your Kotak Account XX2817 is debited by INR 150.00 at Blinkit. Avl Bal: INR 49,411.00. Report unauthorized: 1800112211.",0,bank_normal
"IRCTC: PNR 365909614 confirmed. Coach A1, Berth 19. Please carry a valid original photo ID during travel.",0,travel
Congratulations! Your mobile number won 1 Crore in nationwide lucky draw! Call manager at 9365854526 to claim your prize.,1,lottery
Electricity Department Alert: Urgent notice! Your power supply will be cut off in 2 hours. Call power manager Sharma at 9123456789 to pay overdue bill.,1,utility
"Work from home daily! Earn ₹4,000 by rating movies and products online. No fee. Contact manager on WhatsApp 9203762851.",1,fake_job
FedEx: Package delivery paused due to incomplete home address. Pay Rs 35 redelivery fee at http://fedex-reschedule.pw,1,delivery
Your order #882397 from Ola has been dispatched. Track in your app or thank your delivery agent.,0,ecommerce
"Your ICICI Account XX4740 is debited by INR 890.00 at Myntra. Avl Bal: INR 43,674.00. Report unauthorized: 1800112211.",0,bank_normal
Happy anniversary to you both! Have an amazing celebration.,0,chat
Happy anniversary to you both! Have an amazing celebration.,0,chat
"IRCTC: PNR 116912240 confirmed. Coach B1, Berth 7. Please carry a valid original photo ID during travel.",0,travel
540980 is your secret one time password (OTP) for logging into Zomato. Valid for 5 minutes. Do not share with anyone.,0,otp_normal
"Your SBI Account XX1731 is debited by INR 420.00 at Flipkart. Avl Bal: INR 6,605.00. Report unauthorized: 1800112211.",0,bank_normal
"Congratulations! Your mobile number won ₹25,00,000 in nationwide lucky draw! Call manager at 9448590788 to claim your prize.",1,lottery
Your order #425800 from Swiggy has been dispatched. Track in your app or thank your delivery agent.,0,ecommerce
Your order #951112 from Zepto has been dispatched. Track in your app or thank your delivery agent.,0,ecommerce
"Dear consumer, power supply will be cut off tonight at 8:00 PM for non-payment of electricity bill. Call electricity desk 9217105071 immediately.",1,utility
Alert from Kotak: Your account 4654 is restricted. Update your KYC today immediately at http://kotak-netbank-login.me.,1,bank_kyc
Your order #738803 from Zepto has been dispatched. Track in your app or thank your delivery agent.,0,ecommerce
"Your Bank of Baroda Account XX7697 is debited by INR 420.00 at Uber. Avl Bal: INR 69,360.00. Report unauthorized: 1800112211.",0,bank_normal
Congratulations! Your mobile number won 1 Crore in nationwide lucky draw! Call manager at 9429486968 to claim your prize.,1,lottery
Your order #943352 from Zepto has been dispatched. Track in your app or thank your delivery agent.,0,ecommerce
Your order #869217 from Zomato has been dispatched. Track in your app or thank your delivery agent.,0,ecommerce
"Your Kotak Account XX5615 is debited by INR 2,499.00 at Myntra. Avl Bal: INR 77,302.00. Report unauthorized: 1800112211.",0,bank_normal
851209 is your secret one time password (OTP) for logging into Swiggy. Valid for 5 minutes. Do not share with anyone.,0,otp_normal
642994 is your secret one time password (OTP) for logging into WhatsApp. Valid for 5 minutes. Do not share with anyone.,0,otp_normal
Happy anniversary to you both! Have an amazing celebration.,0,chat
"Thanks for the help yesterday, really appreciate it!",0,chat
Your order #996366 from Myntra has been dispatched. Track in your app or thank your delivery agent.,0,ecommerce
Urgent notice from Telecom Authority: Legal case registered under your ID. Call investigation officer 9815131089 within 2 hours to avoid arrest.,1,police_threat
Earn ₹3000 to ₹8000 daily by simply liking YouTube videos and rating hotels on Google Maps. No experience needed. Join Telegram: t.me/daily_cash_jobs,1,fake_job
"Work from home daily! Earn ₹6,000 by rating movies and products online. No fee. Contact manager on WhatsApp 9167342646.",1,fake_job
Your order #246731 from Ola has been dispatched. Track in your app or thank your delivery agent.,0,ecommerce
"Your Canara Bank Account XX7099 is debited by INR 45.00 at Swiggy. Avl Bal: INR 21,991.00. Report unauthorized: 1800112211.",0,bank_normal
"Google Pay: Pending refund of Rs 15,000 failed. Complete OTP verification at http://googlepay-refund.online to credit money.",1,refund
"Dear consumer, power supply will be cut off tonight at midnight for non-payment of electricity bill. Call electricity desk 9215553905 immediately.",1,utility
Alert from SBI: Your account 2628 is restricted. Update your KYC before 9 PM tonight at http://sbi-netbank-login.me.,1,bank_kyc
"Work from home daily! Earn ₹2,500 by rating movies and products online. No fee. Contact manager on WhatsApp 9245509876.",1,fake_job
786059 is your secret one time password (OTP) for logging into WhatsApp. Valid for 5 minutes. Do not share with anyone.,0,otp_normal
"IRCTC: PNR 260642664 confirmed. Coach B2, Berth 22. Please carry a valid original photo ID during travel.",0,travel
"IRCTC: PNR 720556749 confirmed. Coach S5, Berth 12. Please carry a valid original photo ID during travel.",0,travel
Your order #126505 from Uber has been dispatched. Track in your app or thank your delivery agent.,0,ecommerce
"Hey, let's catch up this weekend. Are you free on Saturday?",0,chat
"Dear consumer, power supply will be cut off tonight at midnight for non-payment of electricity bill. Call electricity desk 9901312299 immediately.",1,utility
177994 is your secret one time password (OTP) for logging into Zomato. Valid for 5 minutes. Do not share with anyone.,0,otp_normal
Your order #985621 from Ola has been dispatched. Track in your app or thank your delivery agent.,0,ecommerce
885216 is your secret one time password (OTP) for logging into Swiggy. Valid for 5 minutes. Do not share with anyone.,0,otp_normal
"IRCTC: PNR 485536565 confirmed. Coach S5, Berth 40. Please carry a valid original photo ID during travel.",0,travel
Your order #585514 from Zepto has been dispatched. Track in your app or thank your delivery agent.,0,ecommerce
"IRCTC: PNR 810260564 confirmed. Coach S4, Berth 17. Please carry a valid original photo ID during travel.",0,travel
Did you check out that new coffee shop down the street?,0,chat
Congratulations! Your mobile number won Tata Harrier SUV in nationwide lucky draw! Call manager at 9826346491 to claim your prize.,1,lottery
Have you booked the movie tickets for tonight?,0,chat
Your order #161032 from Ola has been dispatched. Track in your app or thank your delivery agent.,0,ecommerce
"IRCTC: PNR 203664054 confirmed. Coach A1, Berth 34. Please carry a valid original photo ID during travel.",0,travel
Your order #721195 from Myntra has been dispatched. Track in your app or thank your delivery agent.,0,ecommerce
Alert from Axis Bank: Your account 2424 is restricted. Update your KYC or card will be deactivated at http://axisbank-account-reactivate.info.,1,bank_kyc
Your order #103358 from Ola has been dispatched. Track in your app or thank your delivery agent.,0,ecommerce
"Your HDFC Account XX7227 is debited by INR 420.00 at Uber. Avl Bal: INR 12,833.00. Report unauthorized: 1800112211.",0,bank_normal
"Your Kotak Account XX3513 is debited by INR 420.00 at Ola. Avl Bal: INR 84,431.00. Report unauthorized: 1800112211.",0,bank_normal
Happy anniversary to you both! Have an amazing celebration.,0,chat
"Your Axis Bank Account XX1076 is debited by INR 420.00 at Zomato. Avl Bal: INR 66,260.00. Report unauthorized: 1800112211.",0,bank_normal
"Congratulations! Your mobile number won ₹50,00,000 in nationwide lucky draw! Call manager at 9330689072 to claim your prize.",1,lottery
"Dear consumer, power supply will be cut off tonight at midnight for non-payment of electricity bill. Call electricity desk 9508249710 immediately.",1,utility
"Your Kotak Account XX2220 is debited by INR 890.00 at Myntra. Avl Bal: INR 64,758.00. Report unauthorized: 1800112211.",0,bank_normal
Have you booked the movie tickets for tonight?,0,chat
Your order #128633 from Zomato has been dispatched. Track in your app or thank your delivery agent.,0,ecommerce
Paytm: Pending refund of ₹25 Lakhs failed. Complete OTP verification at http://paytm-refund.site to credit money.,1,refund
"Your Canara Bank Account XX1249 is debited by INR 420.00 at Zomato. Avl Bal: INR 37,172.00. Report unauthorized: 1800112211.",0,bank_normal
"Your PNB Account XX8939 is debited by INR 890.00 at Swiggy. Avl Bal: INR 78,374.00. Report unauthorized: 1800112211.",0,bank_normal
Your order #557864 from Ola has been dispatched. Track in your app or thank your delivery agent.,0,ecommerce
Your order #965040 from Amazon has been dispatched. Track in your app or thank your delivery agent.,0,ecommerce
Your order #453548 from Swiggy has been dispatched. Track in your app or thank your delivery agent.,0,ecommerce
"Dear consumer, power supply will be cut off tonight at 10:00 PM for non-payment of electricity bill. Call electricity desk 9566634390 immediately.",1,utility
"Your Kotak Account XX7782 is debited by INR 150.00 at Ola. Avl Bal: INR 30,933.00. Report unauthorized: 1800112211.",0,bank_normal
331322 is your secret one time password (OTP) for logging into Uber. Valid for 5 minutes. Do not share with anyone.,0,otp_normal
See you in 15 minutes at the office cafeteria.,0,chat
"Dear consumer, power supply will be cut off tonight at 9:30 PM for non-payment of electricity bill. Call electricity desk 9744090176 immediately.",1,utility
Your order #773422 from Amazon has been dispatched. Track in your app or thank your delivery agent.,0,ecommerce
Your order #169306 from Amazon has been dispatched. Track in your app or thank your delivery agent.,0,ecommerce
Happy anniversary to you both! Have an amazing celebration.,0,chat
DHL: Package delivery paused due to incomplete home address. Pay ₹10 redelivery fee at http://dhl-reschedule.me,1,delivery
"Congratulations! Your mobile number won ₹50,00,000 in nationwide lucky draw! Call manager at 9496888412 to claim your prize.",1,lottery
Did you check out that new coffee shop down the street?,0,chat
Have you booked the movie tickets for tonight?,0,chat
Your order #847948 from Uber has been dispatched. Track in your app or thank your delivery agent.,0,ecommerce
Your order #803022 from Flipkart has been dispatched. Track in your app or thank your delivery agent.,0,ecommerce
Your package from Flipkart has been delivered to your doorstep. Thank you for shopping with us.,0,ecommerce
Have you booked the movie tickets for tonight?,0,chat
Your order #136160 from Zepto has been dispatched. Track in your app or thank your delivery agent.,0,ecommerce
Your order #599387 from Amazon has been dispatched. Track in your app or thank your delivery agent.,0,ecommerce
Let me know once you reach home safely.,0,chat
"Your Bank of Baroda Account XX1307 is debited by INR 890.00 at Uber. Avl Bal: INR 20,893.00. Report unauthorized: 1800112211.",0,bank_normal
"Your Bank of Baroda Account XX5237 is debited by INR 45.00 at Uber. Avl Bal: INR 18,189.00. Report unauthorized: 1800112211.",0,bank_normal
Axis Bank Notice: Pan Card not linked to Account 4829. Your account will be restricted today. Update here: http://axis-panlink.cc,1,bank_kyc
"IRCTC: PNR 484683145 confirmed. Coach B1, Berth 52. Please carry a valid original photo ID during travel.",0,travel
Your order #968447 from Swiggy has been dispatched. Track in your app or thank your delivery agent.,0,ecommerce
Congratulations! Your mobile number won Tata Harrier SUV in nationwide lucky draw! Call manager at 9760977879 to claim your prize.,1,lottery
Your order #286256 from Flipkart has been dispatched. Track in your app or thank your delivery agent.,0,ecommerce
"IRCTC: PNR 889667507 confirmed. Coach B2, Berth 28. Please carry a valid original photo ID during travel.",0,travel
PhonePe: Pending refund of ₹25 Lakhs failed. Complete OTP verification at http://phonepe-refund.site to credit money.,1,refund
"IRCTC: PNR 973197641 confirmed. Coach B3, Berth 67. Please carry a valid original photo ID during travel.",0,travel
"IRCTC: PNR 182419296 confirmed. Coach B2, Berth 12. Please carry a valid original photo ID during travel.",0,travel
"Your SBI Account XX3296 is debited by INR 2,499.00 at Flipkart. Avl Bal: INR 7,881.00. Report unauthorized: 1800112211.",0,bank_normal
Your order #221266 from Ola has been dispatched. Track in your app or thank your delivery agent.,0,ecommerce
"Work from home daily! Earn ₹8,500 by rating movies and products online. No fee. Contact manager on WhatsApp 9724982881.",1,fake_job
"IRCTC: PNR 380695971 confirmed. Coach B1, Berth 38. Please carry a valid original photo ID during travel.",0,travel
"Google Pay: Pending refund of Rs 15,000 failed. Complete OTP verification at http://googlepay-refund.info to credit money.",1,refund
FedEx: Package delivery paused due to incomplete home address. Pay Rs 25 redelivery fee at http://fedex-reschedule.click,1,delivery
297345 is your secret one time password (OTP) for logging into IRCTC. Valid for 5 minutes. Do not share with anyone.,0,otp_normal
731872 is your secret one time password (OTP) for logging into Myntra. Valid for 5 minutes. Do not share with anyone.,0,otp_normal
Alert from ICICI: Your account 5796 is restricted. Update your KYC today immediately at http://icici-account-reactivate.site.,1,bank_kyc
BlueDart tracking: Shipment 9823101 has arrived at Bangalore Hub and is out for delivery today.,0,delivery
737703 is your secret one time password (OTP) for logging into IRCTC. Valid for 5 minutes. Do not share with anyone.,0,otp_normal
"IRCTC: PNR 550532127 confirmed. Coach A1, Berth 13. Please carry a valid original photo ID during travel.",0,travel
"Your SBI Account XX6014 is debited by INR 890.00 at Blinkit. Avl Bal: INR 8,159.00. Report unauthorized: 1800112211.",0,bank_normal
"Your Canara Bank Account XX2672 is debited by INR 1,250.00 at Zepto. Avl Bal: INR 53,037.00. Report unauthorized: 1800112211.",0,bank_normal
"IRCTC: PNR 345894722 confirmed. Coach S5, Berth 39. Please carry a valid original photo ID during travel.",0,travel
Alert from Bank of Baroda: Your account 1935 is restricted. Update your KYC or card will be deactivated at http://bankofbaroda-secure-verify.site.,1,bank_kyc
"IRCTC: PNR 275564750 confirmed. Coach B1, Berth 37. Please carry a valid original photo ID during travel.",0,travel
"Your Kotak Account XX5383 is debited by INR 890.00 at Zomato. Avl Bal: INR 57,113.00. Report unauthorized: 1800112211.",0,bank_normal
"Congratulations! Your mobile number won ₹25,00,000 in nationwide lucky draw! Call manager at 9707848228 to claim your prize.",1,lottery
Urgent notice from Telecom Authority: Legal case registered under your ID. Call investigation officer 9411534579 within 2 hours to avoid arrest.,1,police_threat
"Paytm: Pending refund of ₹25,000 failed. Complete OTP verification at http://paytm-refund.top to credit money.",1,refund
DHL Express: Package #920184 delivery fee unpaid. Click http://dhl-parcel-release.me to settle invoice and receive delivery tomorrow.,1,delivery
"IRCTC: PNR 481964670 confirmed. Coach S5, Berth 4. Please carry a valid original photo ID during travel.",0,travel
Bajaj Finance: Instant 0% EMI loan ready for disbursement. Install our official verification app from http://bajaj-fastloan.online,1,loan
429801 is your secret one time password (OTP) for logging into Amazon. Valid for 5 minutes. Do not share with anyone.,0,otp_normal
Your order #770105 from Zomato has been dispatched. Track in your app or thank your delivery agent.,0,ecommerce
Your order #164186 from Amazon has been dispatched. Track in your app or thank your delivery agent.,0,ecommerce
Urgent notice from Cyber Cell: Legal case registered under your ID. Call investigation officer 9892319480 within 2 hours to avoid arrest.,1,police_threat
Your order #435949 from Myntra has been dispatched. Track in your app or thank your delivery agent.,0,ecommerce
FedEx: Package delivery paused due to incomplete home address. Pay Rs 19 redelivery fee at http://fedex-reschedule.pw,1,delivery
"IRCTC: PNR 444820027 confirmed. Coach B1, Berth 16. Please carry a valid original photo ID during travel.",0,travel
Your order #388172 from Swiggy has been dispatched. Track in your app or thank your delivery agent.,0,ecommerce
Can you share the lecture notes from today's session?,0,chat
"Work from home daily! Earn ₹2,500 by rating movies and products online. No fee. Contact manager on WhatsApp 9377440100.",1,fake_job
Your order #272106 from Swiggy has been dispatched. Track in your app or thank your delivery agent.,0,ecommerce
Your order #677263 from Swiggy has been dispatched. Track in your app or thank your delivery agent.,0,ecommerce
"Work from home daily! Earn ₹8,500 by rating movies and products online. No fee. Contact manager on WhatsApp 9446554506.",1,fake_job
"Work from home daily! Earn ₹4,000 by rating movies and products online. No fee. Contact manager on WhatsApp 9655762920.",1,fake_job
"Thanks for the help yesterday, really appreciate it!",0,chat
"IRCTC: PNR 836644413 confirmed. Coach B1, Berth 68. Please carry a valid original photo ID during travel.",0,travel
Your order #231436 from Ola has been dispatched. Track in your app or thank your delivery agent.,0,ecommerce
Delhivery: Package delivery paused due to incomplete home address. Pay Rs 19 redelivery fee at http://delhivery-reschedule.pw,1,delivery
"IRCTC: PNR 753043637 confirmed. Coach A1, Berth 1. Please carry a valid original photo ID during travel.",0,travel
"IRCTC: PNR 210562806 confirmed. Coach B2, Berth 71. Please carry a valid original photo ID during travel.",0,travel
"Amazon Pay: Pending refund of ₹4,999 failed. Complete OTP verification at http://amazonpay-refund.click to credit money.",1,refund
611030 is your secret one time password (OTP) for logging into IRCTC. Valid for 5 minutes. Do not share with anyone.,0,otp_normal
FedEx Delivery Alert: Shipment #FX99214 on hold at customs. Pay clearance tax of Rs 49 within 12 hours: http://fedex-customs-track.site,1,delivery
"Congratulations! Your mobile number won ₹50,00,000 in nationwide lucky draw! Call manager at 9304939202 to claim your prize.",1,lottery
Let me know once you reach home safely.,0,chat
Did you check out that new coffee shop down the street?,0,chat
Your order #596184 from Blinkit has been dispatched. Track in your app or thank your delivery agent.,0,ecommerce
Your order #501954 from Zepto has been dispatched. Track in your app or thank your delivery agent.,0,ecommerce
"Your Canara Bank Account XX6724 is debited by INR 890.00 at Blinkit. Avl Bal: INR 78,568.00. Report unauthorized: 1800112211.",0,bank_normal
Can you share the lecture notes from today's session?,0,chat
"Dear consumer, power supply will be cut off tonight at 9:30 PM for non-payment of electricity bill. Call electricity desk 9833956599 immediately.",1,utility
588161 is your secret one time password (OTP) for logging into Amazon. Valid for 5 minutes. Do not share with anyone.,0,otp_normal
"IRCTC: PNR 896324959 confirmed. Coach S5, Berth 18. Please carry a valid original photo ID during travel.",0,travel
969914 is your secret one time password (OTP) for logging into WhatsApp. Valid for 5 minutes. Do not share with anyone.,0,otp_normal
See you in 15 minutes at the office cafeteria.,0,chat
"Paytm: Pending refund of ₹12,500 failed. Complete OTP verification at http://paytm-refund.top to credit money.",1,refund
"Amazon Pay: Pending refund of Rs 15,000 failed. Complete OTP verification at http://amazonpay-refund.pw to credit money.",1,refund
"Work from home daily! Earn ₹6,000 by rating movies and products online. No fee. Contact manager on WhatsApp 9823271605.",1,fake_job
Alert from ICICI: Your account 2970 is restricted. Update your KYC before 9 PM tonight at http://icici-pan-link.info.,1,bank_kyc
"IRCTC: PNR 167702955 confirmed. Coach S4, Berth 71. Please carry a valid original photo ID during travel.",0,travel
Your order #968670 from Myntra has been dispatched. Track in your app or thank your delivery agent.,0,ecommerce
"IRCTC: PNR 452963568 confirmed. Coach A1, Berth 21. Please carry a valid original photo ID during travel.",0,travel
"IRCTC: PNR 357324879 confirmed. Coach S4, Berth 51. Please carry a valid original photo ID during travel.",0,travel
Delhivery: Package delivery paused due to incomplete home address. Pay Rs 25 redelivery fee at http://delhivery-reschedule.info,1,delivery
"IRCTC: PNR 994083000 confirmed. Coach B2, Berth 57. Please carry a valid original photo ID during travel.",0,travel
838925 is your secret one time password (OTP) for logging into Swiggy. Valid for 5 minutes. Do not share with anyone.,0,otp_normal
"Paytm: Pending refund of Rs 50,000 failed. Complete OTP verification at http://paytm-refund.online to credit money.",1,refund
"Dear consumer, power supply will be cut off tonight at 10:00 PM for non-payment of electricity bill. Call electricity desk 9142734307 immediately.",1,utility
Your order #968152 from Blinkit has been dispatched. Track in your app or thank your delivery agent.,0,ecommerce
"Your Bank of Baroda Account XX1604 is debited by INR 1,250.00 at Amazon. Avl Bal: INR 12,065.00. Report unauthorized: 1800112211.",0,bank_normal
India Post: Your parcel IND93821 cannot be delivered due to incomplete address. Please update your address and pay Rs 25 redelivery fee at http://indiapost-update.top,1,delivery
Your order #342113 from Amazon has been dispatched. Track in your app or thank your delivery agent.,0,ecommerce
"IRCTC: PNR 494494178 confirmed. Coach A1, Berth 1. Please carry a valid original photo ID during travel.",0,travel
"Dear consumer, power supply will be cut off tonight at 10:00 PM for non-payment of electricity bill. Call electricity desk 9357697763 immediately.",1,utility
314127 is your secret one time password (OTP) for logging into WhatsApp. Valid for 5 minutes. Do not share with anyone.,0,otp_normal
957081 is your secret one time password (OTP) for logging into Myntra. Valid for 5 minutes. Do not share with anyone.,0,otp_normal
904748 is your secret one time password (OTP) for logging into WhatsApp. Valid for 5 minutes. Do not share with anyone.,0,otp_normal
"Your Canara Bank Account XX3980 is debited by INR 45.00 at Uber. Avl Bal: INR 33,084.00. Report unauthorized: 1800112211.",0,bank_normal
188741 is your secret one time password (OTP) for logging into Zomato. Valid for 5 minutes. Do not share with anyone.,0,otp_normal
"Hey, let's catch up this weekend. Are you free on Saturday?",0,chat
"Dear consumer, power supply will be cut off tonight at 8:00 PM for non-payment of electricity bill. Call electricity desk 9233719871 immediately.",1,utility
"IRCTC: PNR 708779188 confirmed. Coach A1, Berth 34. Please carry a valid original photo ID during travel.",0,travel
239728 is your secret one time password (OTP) for logging into Zomato. Valid for 5 minutes. Do not share with anyone.,0,otp_normal
"Dear consumer, power supply will be cut off tonight at 9:30 PM for non-payment of electricity bill. Call electricity desk 9116701250 immediately.",1,utility
"Congratulations! You have been shortlisted for International Data Entry Operator. Monthly salary ₹65,000. Deposit ₹1,500 laptop insurance fee to begin.",1,fake_job
See you in 15 minutes at the office cafeteria.,0,chat
Urgent notice from Telecom Authority: Legal case registered under your ID. Call investigation officer 9749811393 within 2 hours to avoid arrest.,1,police_threat
Can you share the lecture notes from today's session?,0,chat
"Your Canara Bank Account XX9457 is debited by INR 2,499.00 at Swiggy. Avl Bal: INR 77,012.00. Report unauthorized: 1800112211.",0,bank_normal
Congratulations! Your mobile number won Tata Harrier SUV in nationwide lucky draw! Call manager at 9712770305 to claim your prize.,1,lottery
Cyber Crime Police Branch Notice: A cyber pornography and illegal money transfer case has been registered against you. Pay settlement fine or police will arrest you in 2 hours.,1,police_threat
Did you check out that new coffee shop down the street?,0,chat
946334 is your secret one time password (OTP) for logging into IRCTC. Valid for 5 minutes. Do not share with anyone.,0,otp_normal
Your order #584103 from Amazon has been dispatched. Track in your app or thank your delivery agent.,0,ecommerce
"Paytm: Pending refund of ₹12,500 failed. Complete OTP verification at http://paytm-refund.xyz to credit money.",1,refund
Your order #467375 from Swiggy has been dispatched. Track in your app or thank your delivery agent.,0,ecommerce
336028 is your secret one time password (OTP) for logging into Amazon. Valid for 5 minutes. Do not share with anyone.,0,otp_normal
Your order #938927 from Myntra has been dispatched. Track in your app or thank your delivery agent.,0,ecommerce
"IRCTC: PNR 345637661 confirmed. Coach B3, Berth 38. Please carry a valid original photo ID during travel.",0,travel
498102 is your secret one time password (OTP) for logging into Amazon. Valid for 5 minutes. Do not share with anyone.,0,otp_normal
See you in 15 minutes at the office cafeteria.,0,chat
Can you share the lecture notes from today's session?,0,chat
"Your SBI Account XX2469 is debited by INR 45.00 at Amazon. Avl Bal: INR 41,390.00. Report unauthorized: 1800112211.",0,bank_normal
272905 is your secret one time password (OTP) for logging into Amazon. Valid for 5 minutes. Do not share with anyone.,0,otp_normal
"IRCTC: PNR 440926182 confirmed. Coach S5, Berth 11. Please carry a valid original photo ID during travel.",0,travel
Your order #756225 from Zepto has been dispatched. Track in your app or thank your delivery agent.,0,ecommerce
320073 is your secret one time password (OTP) for logging into IRCTC. Valid for 5 minutes. Do not share with anyone.,0,otp_normal
"Thanks for the help yesterday, really appreciate it!",0,chat
"Dear consumer, power supply will be cut off tonight at 10:00 PM for non-payment of electricity bill. Call electricity desk 9294212716 immediately.",1,utility
Can you share the lecture notes from today's session?,0,chat
431080 is your secret one time password (OTP) for logging into Uber. Valid for 5 minutes. Do not share with anyone.,0,otp_normal
"Your Canara Bank Account XX8235 is debited by INR 45.00 at Uber. Avl Bal: INR 26,473.00. Report unauthorized: 1800112211.",0,bank_normal
Your order #988015 from Zomato has been dispatched. Track in your app or thank your delivery agent.,0,ecommerce
864777 is your secret one time password (OTP) for logging into Swiggy. Valid for 5 minutes. Do not share with anyone.,0,otp_normal
"IRCTC: PNR 276386455 confirmed. Coach S4, Berth 54. Please carry a valid original photo ID during travel.",0,travel
Alert from SBI: Your account 4627 is restricted. Update your KYC or card will be deactivated at http://sbi-kyc-update.pw.,1,bank_kyc
Your order #154973 from Swiggy has been dispatched. Track in your app or thank your delivery agent.,0,ecommerce
Alert from Kotak: Your account 8480 is restricted. Update your KYC or card will be deactivated at http://kotak-reward-claim.info.,1,bank_kyc
"Thanks for the help yesterday, really appreciate it!",0,chat
563144 is your secret one time password (OTP) for logging into Amazon. Valid for 5 minutes. Do not share with anyone.,0,otp_normal
Did you check out that new coffee shop down the street?,0,chat
"Paytm: Pending refund of Rs 15,000 failed. Complete OTP verification at http://paytm-refund.pw to credit money.",1,refund
"IRCTC: PNR 764756776 confirmed. Coach S5, Berth 21. Please carry a valid original photo ID during travel.",0,travel
"IRCTC: PNR 998424270 confirmed. Coach S5, Berth 69. Please carry a valid original photo ID during travel.",0,travel
"Dear consumer, power supply will be cut off tonight at 8:00 PM for non-payment of electricity bill. Call electricity desk 9915250513 immediately.",1,utility
"IRCTC: PNR 831314263 confirmed. Coach A1, Berth 46. Please carry a valid original photo ID during travel.",0,travel
"IRCTC: PNR 101247752 confirmed. Coach B3, Berth 41. Please carry a valid original photo ID during travel.",0,travel
Ola: Your cab is arriving in 4 mins. Share OTP 7412 with your driver to start your ride.,0,ride
Congratulations! Your mobile number won Tata Harrier SUV in nationwide lucky draw! Call manager at 9745202424 to claim your prize.,1,lottery
"Paytm: Pending refund of Rs 2,50,000 failed. Complete OTP verification at http://paytm-refund.click to credit money.",1,refund
Your order #383453 from Zomato has been dispatched. Track in your app or thank your delivery agent.,0,ecommerce
Congratulations! Your mobile number won 1 Crore in nationwide lucky draw! Call manager at 9152411802 to claim your prize.,1,lottery
"IRCTC: PNR 868888843 confirmed. Coach B1, Berth 37. Please carry a valid original photo ID during travel.",0,travel
Your order #706603 from Amazon has been dispatched. Track in your app or thank your delivery agent.,0,ecommerce
Your order #202652 from Uber has been dispatched. Track in your app or thank your delivery agent.,0,ecommerce
"Dear SBI customer, your YONO account is locked today. Update your pan card immediately on http://yono-kyc-login.click",1,bank_kyc
Let me know once you reach home safely.,0,chat
"Your SBI Account XX6733 is debited by INR 45.00 at Amazon. Avl Bal: INR 27,072.00. Report unauthorized: 1800112211.",0,bank_normal
Let me know once you reach home safely.,0,chat
Alert from Canara Bank: Your account 1040 is restricted. Update your KYC before 9 PM tonight at http://canarabank-kyc-update.site.,1,bank_kyc
"Dear consumer, power supply will be cut off tonight at 10:00 PM for non-payment of electricity bill. Call electricity desk 9191351453 immediately.",1,utility
515882 is your secret one time password (OTP) for logging into Myntra. Valid for 5 minutes. Do not share with anyone.,0,otp_normal
"Your Bank of Baroda Account XX8481 is debited by INR 420.00 at Myntra. Avl Bal: INR 31,502.00. Report unauthorized: 1800112211.",0,bank_normal
Your order #918706 from Zomato has been dispatched. Track in your app or thank your delivery agent.,0,ecommerce
925837 is your secret one time password (OTP) for logging into Myntra. Valid for 5 minutes. Do not share with anyone.,0,otp_normal
"IRCTC: PNR 988999414 confirmed. Coach A1, Berth 5. Please carry a valid original photo ID during travel.",0,travel
Alert from Bank of Baroda: Your account 7314 is restricted. Update your KYC within 24 hours at http://bankofbaroda-kyc-update.info.,1,bank_kyc
Urgent notice from CBI Investigation: Legal case registered under your ID. Call investigation officer 9719295072 within 2 hours to avoid arrest.,1,police_threat
"IRCTC: PNR 234673923 confirmed. Coach S4, Berth 31. Please carry a valid original photo ID during travel.",0,travel
"Congratulations! Your mobile number won ₹25,00,000 in nationwide lucky draw! Call manager at 9517788947 to claim your prize.",1,lottery
"IRCTC: PNR 549094092 confirmed. Coach B3, Berth 33. Please carry a valid original photo ID during travel.",0,travel
Let me know once you reach home safely.,0,chat
"Work from home daily! Earn ₹8,500 by rating movies and products online. No fee. Contact manager on WhatsApp 9406974333.",1,fake_job
"Dear consumer, power supply will be cut off tonight at 9:30 PM for non-payment of electricity bill. Call electricity desk 9109249677 immediately.",1,utility
"Your Kotak Account XX7204 is debited by INR 150.00 at Swiggy. Avl Bal: INR 52,788.00. Report unauthorized: 1800112211.",0,bank_normal
Happy anniversary to you both! Have an amazing celebration.,0,chat
"Thanks for the help yesterday, really appreciate it!",0,chat
Alert from Kotak: Your account 9792 is restricted. Update your KYC today immediately at http://kotak-account-reactivate.pw.,1,bank_kyc
896790 is your secret one time password (OTP) for logging into Swiggy. Valid for 5 minutes. Do not share with anyone.,0,otp_normal
"Congratulations! Your mobile number won ₹25,00,000 in nationwide lucky draw! Call manager at 9324769577 to claim your prize.",1,lottery
"Your Kotak Account XX5215 is debited by INR 45.00 at Myntra. Avl Bal: INR 53,478.00. Report unauthorized: 1800112211.",0,bank_normal
661669 is your secret one time password (OTP) for logging into IRCTC. Valid for 5 minutes. Do not share with anyone.,0,otp_normal
Alert from HDFC: Your account 7938 is restricted. Update your KYC or card will be deactivated at http://hdfc-reward-claim.xyz.,1,bank_kyc
"Your Axis Bank Account XX9153 is debited by INR 420.00 at Zomato. Avl Bal: INR 53,351.00. Report unauthorized: 1800112211.",0,bank_normal
Congratulations! Your mobile number won 1 Crore in nationwide lucky draw! Call manager at 9857924001 to claim your prize.,1,lottery
"IRCTC: PNR 853791043 confirmed. Coach S4, Berth 25. Please carry a valid original photo ID during travel.",0,travel
550973 is your secret one time password (OTP) for logging into Zomato. Valid for 5 minutes. Do not share with anyone.,0,otp_normal
Have you booked the movie tickets for tonight?,0,chat
373363 is your secret one time password (OTP) for logging into Amazon. Valid for 5 minutes. Do not share with anyone.,0,otp_normal
Urgent notice from Cyber Cell: Legal case registered under your ID. Call investigation officer 9325853780 within 2 hours to avoid arrest.,1,police_threat
Did you check out that new coffee shop down the street?,0,chat
"Dear consumer, power supply will be cut off tonight at 10:00 PM for non-payment of electricity bill. Call electricity desk 9561946175 immediately.",1,utility
Your order #743784 from Uber has been dispatched. Track in your app or thank your delivery agent.,0,ecommerce
"IRCTC: PNR 147301994 confirmed. Coach B1, Berth 24. Please carry a valid original photo ID during travel.",0,travel
Urgent notice from Police Crime Branch: Legal case registered under your ID. Call investigation officer 9402760580 within 2 hours to avoid arrest.,1,police_threat
Congratulations! Your mobile number won 1 Crore in nationwide lucky draw! Call manager at 9110198499 to claim your prize.,1,lottery
Did you check out that new coffee shop down the street?,0,chat
Your order #917559 from Zepto has been dispatched. Track in your app or thank your delivery agent.,0,ecommerce
"Your HDFC Account XX8394 is debited by INR 150.00 at Swiggy. Avl Bal: INR 49,354.00. Report unauthorized: 1800112211.",0,bank_normal
Urgent notice from CBI Investigation: Legal case registered under your ID. Call investigation officer 9908916104 within 2 hours to avoid arrest.,1,police_threat
Your order #778173 from Zepto has been dispatched. Track in your app or thank your delivery agent.,0,ecommerce
Congratulations! Your mobile number won Tata Harrier SUV in nationwide lucky draw! Call manager at 9416153477 to claim your prize.,1,lottery
Urgent notice from Police Crime Branch: Legal case registered under your ID. Call investigation officer 9929761657 within 2 hours to avoid arrest.,1,police_threat
Your order #762567 from Blinkit has been dispatched. Track in your app or thank your delivery agent.,0,ecommerce
Urgent notice from Telecom Authority: Legal case registered under your ID. Call investigation officer 9816766125 within 2 hours to avoid arrest.,1,police_threat
Urgent notice from Telecom Authority: Legal case registered under your ID. Call investigation officer 9195534048 within 2 hours to avoid arrest.,1,police_threat
"Your HDFC Account XX4241 is debited by INR 420.00 at Zomato. Avl Bal: INR 10,574.00. Report unauthorized: 1800112211.",0,bank_normal
Congratulations! Your mobile number won Tata Harrier SUV in nationwide lucky draw! Call manager at 9915322757 to claim your prize.,1,lottery
689306 is your secret one time password (OTP) for logging into IRCTC. Valid for 5 minutes. Do not share with anyone.,0,otp_normal
Let me know once you reach home safely.,0,chat
Congratulations! Your mobile number won 1 Crore in nationwide lucky draw! Call manager at 9994086735 to claim your prize.,1,lottery
261637 is your secret one time password (OTP) for logging into IRCTC. Valid for 5 minutes. Do not share with anyone.,0,otp_normal
Your order #753009 from Swiggy has been dispatched. Track in your app or thank your delivery agent.,0,ecommerce
Can you share the lecture notes from today's session?,0,chat
Your order #281549 from Uber has been dispatched. Track in your app or thank your delivery agent.,0,ecommerce
Your order #693397 from Amazon has been dispatched. Track in your app or thank your delivery agent.,0,ecommerce
Urgent notice from Police Crime Branch: Legal case registered under your ID. Call investigation officer 9280179133 within 2 hours to avoid arrest.,1,police_threat
See you in 15 minutes at the office cafeteria.,0,chat
"Your ICICI Account XX8088 is debited by INR 890.00 at Myntra. Avl Bal: INR 36,186.00. Report unauthorized: 1800112211.",0,bank_normal
Alert from Axis Bank: Your account 6182 is restricted. Update your KYC to avoid permanent blocking at http://axisbank-kyc-update.online.,1,bank_kyc
Did you check out that new coffee shop down the street?,0,chat
URGENT: Your HDFC bank account is blocked due to unverified KYC. Click http://hdfc-netverify.top to prevent permanent closure.,1,bank_kyc
BlueDart: Package delivery paused due to incomplete home address. Pay Rs 49 redelivery fee at http://bluedart-reschedule.click,1,delivery
Your order #328931 from Uber has been dispatched. Track in your app or thank your delivery agent.,0,ecommerce
"IRCTC: PNR 982049657 confirmed. Coach B2, Berth 8. Please carry a valid original photo ID during travel.",0,travel
429478 is your secret one time password (OTP) for logging into Zomato. Valid for 5 minutes. Do not share with anyone.,0,otp_normal
Have you booked the movie tickets for tonight?,0,chat
Your order #138712 from Zomato has been dispatched. Track in your app or thank your delivery agent.,0,ecommerce
"IRCTC: PNR 978922784 confirmed. Coach A1, Berth 3. Please carry a valid original photo ID during travel.",0,travel
See you in 15 minutes at the office cafeteria.,0,chat
693391 is your secret one time password (OTP) for logging into Myntra. Valid for 5 minutes. Do not share with anyone.,0,otp_normal
957342 is your secret one time password (OTP) for logging into Uber. Valid for 5 minutes. Do not share with anyone.,0,otp_normal
"Paytm: Pending refund of Rs 50,000 failed. Complete OTP verification at http://paytm-refund.click to credit money.",1,refund
588633 is your secret one time password (OTP) for logging into Myntra. Valid for 5 minutes. Do not share with anyone.,0,otp_normal
540924 is your secret one time password (OTP) for logging into Amazon. Valid for 5 minutes. Do not share with anyone.,0,otp_normal
Your order #402756 from Ola has been dispatched. Track in your app or thank your delivery agent.,0,ecommerce
"Your HDFC Account XX9890 is debited by INR 1,250.00 at Blinkit. Avl Bal: INR 32,399.00. Report unauthorized: 1800112211.",0,bank_normal
"IRCTC: PNR 387903599 confirmed. Coach S4, Berth 66. Please carry a valid original photo ID during travel.",0,travel
"IRCTC: PNR 961368498 confirmed. Coach A1, Berth 37. Please carry a valid original photo ID during travel.",0,travel
"IRCTC: PNR 514533066 confirmed. Coach S5, Berth 24. Please carry a valid original photo ID during travel.",0,travel
Your order #743786 from Zomato has been dispatched. Track in your app or thank your delivery agent.,0,ecommerce
Your order #868821 from Myntra has been dispatched. Track in your app or thank your delivery agent.,0,ecommerce
"Dear consumer, power supply will be cut off tonight at midnight for non-payment of electricity bill. Call electricity desk 9606455224 immediately.",1,utility
Did you check out that new coffee shop down the street?,0,chat
Your order #364814 from Amazon has been dispatched. Track in your app or thank your delivery agent.,0,ecommerce
"Your ICICI Account XX5567 is debited by INR 150.00 at Swiggy. Avl Bal: INR 62,014.00. Report unauthorized: 1800112211.",0,bank_normal
"IRCTC: PNR 688794733 confirmed. Coach A1, Berth 46. Please carry a valid original photo ID during travel.",0,travel
"Your HDFC Account XX7182 is debited by INR 890.00 at Flipkart. Avl Bal: INR 55,192.00. Report unauthorized: 1800112211.",0,bank_normal
"Your SBI Account XX9808 is debited by INR 890.00 at Amazon. Avl Bal: INR 9,725.00. Report unauthorized: 1800112211.",0,bank_normal
"IRCTC: PNR 305554531 confirmed. Coach A1, Berth 52. Please carry a valid original photo ID during travel.",0,travel
Urgent notice from Police Crime Branch: Legal case registered under your ID. Call investigation officer 9387649503 within 2 hours to avoid arrest.,1,police_threat
901115 is your secret one time password (OTP) for logging into Myntra. Valid for 5 minutes. Do not share with anyone.,0,otp_normal
168122 is your secret one time password (OTP) for logging into Uber. Valid for 5 minutes. Do not share with anyone.,0,otp_normal
101095 is your secret one time password (OTP) for logging into Swiggy. Valid for 5 minutes. Do not share with anyone.,0,otp_normal
Did you check out that new coffee shop down the street?,0,chat
708278 is your secret one time password (OTP) for logging into Swiggy. Valid for 5 minutes. Do not share with anyone.,0,otp_normal
"Thanks for the help yesterday, really appreciate it!",0,chat
717752 is your secret one time password (OTP) for logging into IRCTC. Valid for 5 minutes. Do not share with anyone.,0,otp_normal
684359 is your secret one time password (OTP) for logging into Myntra. Valid for 5 minutes. Do not share with anyone.,0,otp_normal
Your order #528373 from Uber has been dispatched. Track in your app or thank your delivery agent.,0,ecommerce
495252 is your secret one time password (OTP) for logging into Myntra. Valid for 5 minutes. Do not share with anyone.,0,otp_normal
See you in 15 minutes at the office cafeteria.,0,chat
"Your Axis Bank Account XX7748 is debited by INR 890.00 at Amazon. Avl Bal: INR 70,516.00. Report unauthorized: 1800112211.",0,bank_normal
"IRCTC: PNR 676569672 confirmed. Coach S5, Berth 9. Please carry a valid original photo ID during travel.",0,travel
"IRCTC: PNR 576511693 confirmed. Coach A1, Berth 44. Please carry a valid original photo ID during travel.",0,travel
"IRCTC: PNR 990961141 confirmed. Coach A1, Berth 38. Please carry a valid original photo ID during travel.",0,travel
690189 is your secret one time password (OTP) for logging into Swiggy. Valid for 5 minutes. Do not share with anyone.,0,otp_normal
304354 is your secret one time password (OTP) for logging into WhatsApp. Valid for 5 minutes. Do not share with anyone.,0,otp_normal
Your order #581641 from Zepto has been dispatched. Track in your app or thank your delivery agent.,0,ecommerce
Congratulations! Your mobile number won 1 Crore in nationwide lucky draw! Call manager at 9873535942 to claim your prize.,1,lottery
Your order #491775 from Swiggy has been dispatched. Track in your app or thank your delivery agent.,0,ecommerce
"Congratulations! Your mobile number won ₹25,00,000 in nationwide lucky draw! Call manager at 9655515434 to claim your prize.",1,lottery
"IRCTC: PNR 462477725 confirmed. Coach B3, Berth 53. Please carry a valid original photo ID during travel.",0,travel
Your order #334750 from Zepto has been dispatched. Track in your app or thank your delivery agent.,0,ecommerce
Your order #338886 from Zepto has been dispatched. Track in your app or thank your delivery agent.,0,ecommerce
"Work from home daily! Earn ₹2,500 by rating movies and products online. No fee. Contact manager on WhatsApp 9882516763.",1,fake_job
419849 is your secret one time password (OTP) for logging into IRCTC. Valid for 5 minutes. Do not share with anyone.,0,otp_normal
"Dear consumer, power supply will be cut off tonight at 10:00 PM for non-payment of electricity bill. Call electricity desk 9300047305 immediately.",1,utility
Can you share the lecture notes from today's session?,0,chat
"IRCTC: PNR 799204678 confirmed. Coach S4, Berth 52. Please carry a valid original photo ID during travel.",0,travel
Happy anniversary to you both! Have an amazing celebration.,0,chat
928754 is your secret one time password (OTP) for logging into IRCTC. Valid for 5 minutes. Do not share with anyone.,0,otp_normal
"Work from home daily! Earn ₹4,000 by rating movies and products online. No fee. Contact manager on WhatsApp 9995599502.",1,fake_job
Congratulations! Your mobile number won 1 Crore in nationwide lucky draw! Call manager at 9926506464 to claim your prize.,1,lottery
Did you check out that new coffee shop down the street?,0,chat
BlueDart: Package delivery paused due to incomplete home address. Pay Rs 35 redelivery fee at http://bluedart-reschedule.click,1,delivery
Your order #170658 from Flipkart has been dispatched. Track in your app or thank your delivery agent.,0,ecommerce
"IRCTC: PNR 219052545 confirmed. Coach A1, Berth 42. Please carry a valid original photo ID during travel.",0,travel
Happy anniversary to you both! Have an amazing celebration.,0,chat
Did you check out that new coffee shop down the street?,0,chat
"IRCTC: PNR 293741067 confirmed. Coach S4, Berth 42. Please carry a valid original photo ID during travel.",0,travel
331237 is your secret one time password (OTP) for logging into Uber. Valid for 5 minutes. Do not share with anyone.,0,otp_normal
"IRCTC: PNR 184226606 confirmed. Coach S5, Berth 21. Please carry a valid original photo ID during travel.",0,travel
"IRCTC: PNR 214282073 confirmed. Coach S4, Berth 51. Please carry a valid original photo ID during travel.",0,travel
Urgent notice from Cyber Cell: Legal case registered under your ID. Call investigation officer 9303132060 within 2 hours to avoid arrest.,1,police_threat
"PhonePe: Pending refund of Rs 2,50,000 failed. Complete OTP verification at http://phonepe-refund.click to credit money.",1,refund
Your order #659603 from Amazon has been dispatched. Track in your app or thank your delivery agent.,0,ecommerce
"IRCTC: PNR 401735695 confirmed. Coach B2, Berth 43. Please carry a valid original photo ID during travel.",0,travel
Urgent notice from Telecom Authority: Legal case registered under your ID. Call investigation officer 9137264820 within 2 hours to avoid arrest.,1,police_threat
"Your Canara Bank Account XX7155 is debited by INR 150.00 at Flipkart. Avl Bal: INR 56,033.00. Report unauthorized: 1800112211.",0,bank_normal
Your order #166202 from Uber has been dispatched. Track in your app or thank your delivery agent.,0,ecommerce
657639 is your secret one time password (OTP) for logging into Myntra. Valid for 5 minutes. Do not share with anyone.,0,otp_normal
688033 is your secret one time password (OTP) for logging into WhatsApp. Valid for 5 minutes. Do not share with anyone.,0,otp_normal
592750 is your secret one time password (OTP) for logging into IRCTC. Valid for 5 minutes. Do not share with anyone.,0,otp_normal
"Hey, let's catch up this weekend. Are you free on Saturday?",0,chat
Alert from HDFC: Your account 1136 is restricted. Update your KYC within 24 hours at http://hdfc-kyc-update.me.,1,bank_kyc
Your order #336824 from Zepto has been dispatched. Track in your app or thank your delivery agent.,0,ecommerce
"IRCTC: PNR 922510076 confirmed. Coach A1, Berth 37. Please carry a valid original photo ID during travel.",0,travel
"Your ICICI Account XX2635 is debited by INR 890.00 at Swiggy. Avl Bal: INR 15,283.00. Report unauthorized: 1800112211.",0,bank_normal
Your order #744894 from Swiggy has been dispatched. Track in your app or thank your delivery agent.,0,ecommerce
Alert from HDFC: Your account 6249 is restricted. Update your KYC or card will be deactivated at http://hdfc-netbank-login.top.,1,bank_kyc
750988 is your secret one time password (OTP) for logging into Amazon. Valid for 5 minutes. Do not share with anyone.,0,otp_normal
Let me know once you reach home safely.,0,chat
Urgent notice from CBI Investigation: Legal case registered under your ID. Call investigation officer 9253122543 within 2 hours to avoid arrest.,1,police_threat
"PhonePe: Pending refund of Rs 50,000 failed. Complete OTP verification at http://phonepe-refund.xyz to credit money.",1,refund
Your order #285541 from Swiggy has been dispatched. Track in your app or thank your delivery agent.,0,ecommerce
"IRCTC: PNR 901778534 confirmed. Coach B2, Berth 51. Please carry a valid original photo ID during travel.",0,travel
715362 is your secret one time password (OTP) for logging into WhatsApp. Valid for 5 minutes. Do not share with anyone.,0,otp_normal
937165 is your secret one time password (OTP) for logging into Swiggy. Valid for 5 minutes. Do not share with anyone.,0,otp_normal
Urgent notice from CBI Investigation: Legal case registered under your ID. Call investigation officer 9885901969 within 2 hours to avoid arrest.,1,police_threat
"Work from home daily! Earn ₹6,000 by rating movies and products online. No fee. Contact manager on WhatsApp 9750622119.",1,fake_job
Let me know once you reach home safely.,0,chat
Telecom Authority TRAI: Your SIM card will be permanently blocked in 24 hours for illegal marketing complaints. Dial 9 to connect with verification officer.,1,police_threat
168369 is your secret one time password (OTP) for logging into Myntra. Valid for 5 minutes. Do not share with anyone.,0,otp_normal
"Work from home daily! Earn ₹4,000 by rating movies and products online. No fee. Contact manager on WhatsApp 9633215492.",1,fake_job
Your order #732487 from Zomato has been dispatched. Track in your app or thank your delivery agent.,0,ecommerce
"Work from home daily! Earn ₹6,000 by rating movies and products online. No fee. Contact manager on WhatsApp 9698679440.",1,fake_job
"Work from home daily! Earn ₹6,000 by rating movies and products online. No fee. Contact manager on WhatsApp 9712005183.",1,fake_job
Urgent notice from Police Crime Branch: Legal case registered under your ID. Call investigation officer 9722620228 within 2 hours to avoid arrest.,1,police_threat
Urgent notice from Police Crime Branch: Legal case registered under your ID. Call investigation officer 9494582451 within 2 hours to avoid arrest.,1,police_threat
"Work from home daily! Earn ₹2,500 by rating movies and products online. No fee. Contact manager on WhatsApp 9911994034.",1,fake_job
Your order #562574 from Zomato has been dispatched. Track in your app or thank your delivery agent.,0,ecommerce
946056 is your secret one time password (OTP) for logging into IRCTC. Valid for 5 minutes. Do not share with anyone.,0,otp_normal
"Your ICICI Account XX5710 is debited by INR 150.00 at Swiggy. Avl Bal: INR 50,890.00. Report unauthorized: 1800112211.",0,bank_normal
"IRCTC: PNR 913298756 confirmed. Coach S4, Berth 12. Please carry a valid original photo ID during travel.",0,travel
"Thanks for the help yesterday, really appreciate it!",0,chat
"Your Axis Bank Account XX9118 is debited by INR 45.00 at Swiggy. Avl Bal: INR 63,645.00. Report unauthorized: 1800112211.",0,bank_normal
Did you check out that new coffee shop down the street?,0,chat
Urgent notice from Police Crime Branch: Legal case registered under your ID. Call investigation officer 9992063022 within 2 hours to avoid arrest.,1,police_threat
"Hey, are we still meeting for lunch at 1 PM today near the office?",0,chat
Gas Connection Notice: Your Indane LPG subscription is paused due to Aadhaar non-compliance. Call 9012345678 to update before service cutoff.,1,utility
Your order #352773 from Amazon has been dispatched. Track in your app or thank your delivery agent.,0,ecommerce
"IRCTC: PNR 460616455 confirmed. Coach A1, Berth 5. Please carry a valid original photo ID during travel.",0,travel
"Congratulations! Your mobile number won ₹50,00,000 in nationwide lucky draw! Call manager at 9499494234 to claim your prize.",1,lottery
Congratulations! Your mobile number won Tata Harrier SUV in nationwide lucky draw! Call manager at 9874072420 to claim your prize.,1,lottery
"Work from home daily! Earn ₹4,000 by rating movies and products online. No fee. Contact manager on WhatsApp 9132359860.",1,fake_job
245281 is your secret one time password (OTP) for logging into IRCTC. Valid for 5 minutes. Do not share with anyone.,0,otp_normal
"Google Pay: Pending refund of ₹25,000 failed. Complete OTP verification at http://googlepay-refund.top to credit money.",1,refund
"Your Kotak Account XX6599 is debited by INR 150.00 at Zepto. Avl Bal: INR 84,481.00. Report unauthorized: 1800112211.",0,bank_normal
"IRCTC: PNR 208035154 confirmed. Coach B2, Berth 42. Please carry a valid original photo ID during travel.",0,travel
"IRCTC: PNR 578655566 confirmed. Coach B2, Berth 23. Please carry a valid original photo ID during travel.",0,travel
BlueDart: Package delivery paused due to incomplete home address. Pay ₹10 redelivery fee at http://bluedart-reschedule.me,1,delivery
"Your Kotak Account XX3028 is debited by INR 45.00 at Zepto. Avl Bal: INR 64,993.00. Report unauthorized: 1800112211.",0,bank_normal
Urgent notice from Police Crime Branch: Legal case registered under your ID. Call investigation officer 9619558407 within 2 hours to avoid arrest.,1,police_threat
Did you check out that new coffee shop down the street?,0,chat
585654 is your secret one time password (OTP) for logging into Uber. Valid for 5 minutes. Do not share with anyone.,0,otp_normal
"IRCTC: PNR 529047744 confirmed. Coach B2, Berth 25. Please carry a valid original photo ID during travel.",0,travel
India Post: Package delivery paused due to incomplete home address. Pay ₹10 redelivery fee at http://indiapost-reschedule.click,1,delivery
"IRCTC: PNR 718709806 confirmed. Coach B3, Berth 45. Please carry a valid original photo ID during travel.",0,travel
"IRCTC: PNR 124467331 confirmed. Coach B3, Berth 67. Please carry a valid original photo ID during travel.",0,travel
"Work from home daily! Earn ₹4,000 by rating movies and products online. No fee. Contact manager on WhatsApp 9173135852.",1,fake_job
Your order #880445 from Swiggy has been dispatched. Track in your app or thank your delivery agent.,0,ecommerce
"Congratulations! Your mobile number won ₹50,00,000 in nationwide lucky draw! Call manager at 9742417888 to claim your prize.",1,lottery
Alert from Kotak: Your account 8449 is restricted. Update your KYC within 24 hours at http://kotak-secure-verify.xyz.,1,bank_kyc
"IRCTC: PNR 259137109 confirmed. Coach A1, Berth 64. Please carry a valid original photo ID during travel.",0,travel
"IRCTC: PNR 656699750 confirmed. Coach B2, Berth 57. Please carry a valid original photo ID during travel.",0,travel
Alert from PNB: Your account 4586 is restricted. Update your KYC to avoid permanent blocking at http://pnb-kyc-update.site.,1,bank_kyc
Have you booked the movie tickets for tonight?,0,chat
Your order #840147 from Myntra has been dispatched. Track in your app or thank your delivery agent.,0,ecommerce
See you in 15 minutes at the office cafeteria.,0,chat
Alert from Canara Bank: Your account 4450 is restricted. Update your KYC within 24 hours at http://canarabank-pan-link.click.,1,bank_kyc
"Your SBI Account XX6947 is debited by INR 420.00 at Myntra. Avl Bal: INR 72,428.00. Report unauthorized: 1800112211.",0,bank_normal
264404 is your secret one time password (OTP) for logging into IRCTC. Valid for 5 minutes. Do not share with anyone.,0,otp_normal
293646 is your secret one time password (OTP) for logging into WhatsApp. Valid for 5 minutes. Do not share with anyone.,0,otp_normal
Can you share the lecture notes from today's session?,0,chat
"IRCTC: PNR 752628559 confirmed. Coach B3, Berth 44. Please carry a valid original photo ID during travel.",0,travel
417455 is your secret one time password (OTP) for logging into Myntra. Valid for 5 minutes. Do not share with anyone.,0,otp_normal
Urgent notice from Cyber Cell: Legal case registered under your ID. Call investigation officer 9644454266 within 2 hours to avoid arrest.,1,police_threat
"Dhani Loan Approval: Rs 3,00,000 loan approved. Pay processing fee of Rs 1,999 to bank account to release loan amount within 15 minutes.",1,loan
Your order #954221 from Zomato has been dispatched. Track in your app or thank your delivery agent.,0,ecommerce
Urgent notice from Cyber Cell: Legal case registered under your ID. Call investigation officer 9496128038 within 2 hours to avoid arrest.,1,police_threat
385385 is your secret one time password (OTP) for logging into Myntra. Valid for 5 minutes. Do not share with anyone.,0,otp_normal
575958 is your secret one time password (OTP) for logging into Uber. Valid for 5 minutes. Do not share with anyone.,0,otp_normal
Your order #926671 from Ola has been dispatched. Track in your app or thank your delivery agent.,0,ecommerce
"IRCTC: PNR 442018787 confirmed. Coach B3, Berth 15. Please carry a valid original photo ID during travel.",0,travel
Delhivery: Package delivery paused due to incomplete home address. Pay ₹10 redelivery fee at http://delhivery-reschedule.click,1,delivery
Your order #125825 from Uber has been dispatched. Track in your app or thank your delivery agent.,0,ecommerce
"Your PNB Account XX3565 is debited by INR 420.00 at Amazon. Avl Bal: INR 40,929.00. Report unauthorized: 1800112211.",0,bank_normal
"PhonePe: Pending refund of ₹12,500 failed. Complete OTP verification at http://phonepe-refund.info to credit money.",1,refund
"Your PNB Account XX5268 is debited by INR 1,250.00 at Blinkit. Avl Bal: INR 15,207.00. Report unauthorized: 1800112211.",0,bank_normal
Your order #203533 from Amazon has been dispatched. Track in your app or thank your delivery agent.,0,ecommerce
"Google Pay: Pending refund of ₹4,999 failed. Complete OTP verification at http://googlepay-refund.pw to credit money.",1,refund
Torrent Power: Connection #98420 will be suspended tonight at 9 PM. Call helpline 9988771122 to avoid blackout.,1,utility
Alert from Bank of Baroda: Your account 7980 is restricted. Update your KYC or card will be deactivated at http://bankofbaroda-pan-link.click.,1,bank_kyc
"Dear consumer, power supply will be cut off tonight at 9:30 PM for non-payment of electricity bill. Call electricity desk 9842478154 immediately.",1,utility
Alert from SBI: Your account 3461 is restricted. Update your KYC to avoid permanent blocking at http://sbi-account-reactivate.pw.,1,bank_kyc
Your order #874008 from Swiggy has been dispatched. Track in your app or thank your delivery agent.,0,ecommerce
Urgent notice from Police Crime Branch: Legal case registered under your ID. Call investigation officer 9587726151 within 2 hours to avoid arrest.,1,police_threat
"Your SBI Account XX1220 is debited by INR 890.00 at Flipkart. Avl Bal: INR 75,354.00. Report unauthorized: 1800112211.",0,bank_normal
Amazon Logistics: Courier could not reach your home. Confirm delivery location and pay ₹10 reschedule fee: http://amzn-deliv-loc.pw,1,delivery
Your order #586675 from Amazon has been dispatched. Track in your app or thank your delivery agent.,0,ecommerce
"IRCTC: PNR 271217243 confirmed. Coach B1, Berth 14. Please carry a valid original photo ID during travel.",0,travel
"IRCTC: PNR 695463328 confirmed. Coach S5, Berth 52. Please carry a valid original photo ID during travel.",0,travel
Did you check out that new coffee shop down the street?,0,chat
"Your SBI Account XX5758 is debited by INR 890.00 at Ola. Avl Bal: INR 65,758.00. Report unauthorized: 1800112211.",0,bank_normal
Did you check out that new coffee shop down the street?,0,chat
"Your PNB Account XX1124 is debited by INR 150.00 at Zomato. Avl Bal: INR 6,919.00. Report unauthorized: 1800112211.",0,bank_normal
Delhivery: Package delivery paused due to incomplete home address. Pay ₹10 redelivery fee at http://delhivery-reschedule.cc,1,delivery
"Your PNB Account XX6965 is debited by INR 150.00 at Ola. Avl Bal: INR 82,975.00. Report unauthorized: 1800112211.",0,bank_normal
"IRCTC: PNR 272052588 confirmed. Coach S5, Berth 8. Please carry a valid original photo ID during travel.",0,travel
"IRCTC: PNR 526187850 confirmed. Coach B2, Berth 38. Please carry a valid original photo ID during travel.",0,travel
Alert from Bank of Baroda: Your account 1005 is restricted. Update your KYC or card will be deactivated at http://bankofbaroda-account-reactivate.click.,1,bank_kyc
Did you check out that new coffee shop down the street?,0,chat
832835 is your secret one time password (OTP) for logging into Swiggy. Valid for 5 minutes. Do not share with anyone.,0,otp_normal
Your order #834459 from Flipkart has been dispatched. Track in your app or thank your delivery agent.,0,ecommerce
Have you booked the movie tickets for tonight?,0,chat
Alert from Kotak: Your account 6575 is restricted. Update your KYC today immediately at http://kotak-pan-link.xyz.,1,bank_kyc
"IRCTC: PNR 894109579 confirmed. Coach B3, Berth 14. Please carry a valid original photo ID during travel.",0,travel
Urgent notice from CBI Investigation: Legal case registered under your ID. Call investigation officer 9838881533 within 2 hours to avoid arrest.,1,police_threat
"IRCTC: PNR 324029045 confirmed. Coach S5, Berth 20. Please carry a valid original photo ID during travel.",0,travel
Can you share the lecture notes from today's session?,0,chat
Happy anniversary to you both! Have an amazing celebration.,0,chat
"Work from home daily! Earn ₹2,500 by rating movies and products online. No fee. Contact manager on WhatsApp 9274904668.",1,fake_job
DTDC Courier: Your document parcel is held at depot. Final warning before return to sender. Pay Rs 15 at http://dtdc-redeliver.online,1,delivery
Your order #266866 from Zomato has been dispatched. Track in your app or thank your delivery agent.,0,ecommerce
DHL: Package delivery paused due to incomplete home address. Pay Rs 25 redelivery fee at http://dhl-reschedule.site,1,delivery
"Your Axis Bank Account XX1877 is debited by INR 150.00 at Amazon. Avl Bal: INR 82,475.00. Report unauthorized: 1800112211.",0,bank_normal
"Amazon Pay: Pending refund of Rs 15,000 failed. Complete OTP verification at http://amazonpay-refund.info to credit money.",1,refund
Did you check out that new coffee shop down the street?,0,chat
"Your Kotak Account XX9215 is debited by INR 1,250.00 at Uber. Avl Bal: INR 62,654.00. Report unauthorized: 1800112211.",0,bank_normal
"Dear consumer, power supply will be cut off tonight at 8:00 PM for non-payment of electricity bill. Call electricity desk 9537578101 immediately.",1,utility
Your order #664984 from Blinkit has been dispatched. Track in your app or thank your delivery agent.,0,ecommerce
366152 is your secret one time password (OTP) for logging into Amazon. Valid for 5 minutes. Do not share with anyone.,0,otp_normal
512028 is your secret one time password (OTP) for logging into Myntra. Valid for 5 minutes. Do not share with anyone.,0,otp_normal
Alert from Kotak: Your account 7780 is restricted. Update your KYC before 9 PM tonight at http://kotak-secure-verify.online.,1,bank_kyc
"IRCTC: PNR 300559213 confirmed. Coach S5, Berth 18. Please carry a valid original photo ID during travel.",0,travel
Your order #527562 from Swiggy has been dispatched. Track in your app or thank your delivery agent.,0,ecommerce
"Your Kotak Account XX2149 is debited by INR 150.00 at Amazon. Avl Bal: INR 51,947.00. Report unauthorized: 1800112211.",0,bank_normal
"Congratulations! Your mobile number won ₹50,00,000 in nationwide lucky draw! Call manager at 9306411513 to claim your prize.",1,lottery
"IRCTC: PNR 174994476 confirmed. Coach S4, Berth 56. Please carry a valid original photo ID during travel.",0,travel
"Your HDFC Account XX1596 is debited by INR 420.00 at Myntra. Avl Bal: INR 53,517.00. Report unauthorized: 1800112211.",0,bank_normal
Your order #840970 from Blinkit has been dispatched. Track in your app or thank your delivery agent.,0,ecommerce
Can you share the lecture notes from today's session?,0,chat
"Amazon Pay: Pending refund of Rs 15,000 failed. Complete OTP verification at http://amazonpay-refund.online to credit money.",1,refund
Your order #445252 from Zepto has been dispatched. Track in your app or thank your delivery agent.,0,ecommerce
Urgent notice from Police Crime Branch: Legal case registered under your ID. Call investigation officer 9659185931 within 2 hours to avoid arrest.,1,police_threat
"Your Canara Bank Account XX8297 is debited by INR 2,499.00 at Zomato. Avl Bal: INR 8,203.00. Report unauthorized: 1800112211.",0,bank_normal
PhonePe: Pending refund of ₹25 Lakhs failed. Complete OTP verification at http://phonepe-refund.click to credit money.,1,refund
Alert from HDFC: Your account 5777 is restricted. Update your KYC today immediately at http://hdfc-secure-verify.cc.,1,bank_kyc
Your order #102921 from Flipkart has been dispatched. Track in your app or thank your delivery agent.,0,ecommerce
"IRCTC: PNR 620663999 confirmed. Coach A1, Berth 45. Please carry a valid original photo ID during travel.",0,travel
712529 is your secret one time password (OTP) for logging into Swiggy. Valid for 5 minutes. Do not share with anyone.,0,otp_normal
Let me know once you reach home safely.,0,chat
"IRCTC: PNR 612781136 confirmed. Coach B3, Berth 6. Please carry a valid original photo ID during travel.",0,travel
"Hey, let's catch up this weekend. Are you free on Saturday?",0,chat
"Your PNB Account XX2335 is debited by INR 45.00 at Amazon. Avl Bal: INR 49,066.00. Report unauthorized: 1800112211.",0,bank_normal
Your order #824410 from Blinkit has been dispatched. Track in your app or thank your delivery agent.,0,ecommerce
"IRCTC: PNR 759818185 confirmed. Coach B3, Berth 9. Please carry a valid original photo ID during travel.",0,travel
